LongwallShieldOffsetDataType,1,DataType
StructuredArrayItemType,2,VariableType
StructuredArrayItemType_EngineeringUnits,3,Variable
StructuredArrayItemType_EURange,4,Variable
StructuredArrayItemType_InstrumentRange,5,Variable
LongwallShieldOffsetArrayItemType,6,VariableType
LongwallShieldOffsetArrayItemType_EngineeringUnits,7,Variable
LongwallShieldOffsetArrayItemType_EURange,8,Variable
MiningEquipmentIdentificationType,9,ObjectType
MiningEquipmentIdentificationType_AssetId,10,Variable
MiningEquipmentIdentificationType_DeviceClass,11,Variable
MiningEquipmentIdentificationType_ManufacturerUri,12,Variable
MiningEquipmentIdentificationType_Model,13,Variable
MiningEquipmentType,22,ObjectType
LongwallShieldOffsetDataType_Encoding_DefaultBinary,25,Object
LongwallShieldOffsetDataType_Encoding_DefaultXml,33,Object
LongwallShieldOffsetDataType_Encoding_DefaultJson,41,Object
SpeedSensorType,57,ObjectType
LoadSensorType,58,ObjectType
AlignmentSensorType,59,ObjectType
VibrationSensorType,62,ObjectType
SensorType,219,ObjectType
SensorType_Measurement,220,Variable
SensorType_Measurement_EURange,224,Variable
SensorType_EngineeringUnits,226,Variable
SensorType_EURange,227,Variable
PositionSensorType,228,ObjectType
TemperatureSensorType,229,ObjectType
VibrationSensorType_Frequency,230,Variable
VibrationSensorType_Amplitude,231,Variable
HumiditySensorType,232,ObjectType
DustConcentrationSensorType,233,ObjectType
VolumeFlowRateSensorType,234,ObjectType
LevelSensorType,235,ObjectType
CurrentSensorType,236,ObjectType
VoltageSensorType,237,ObjectType
WearSensorType,238,ObjectType
StateSensorType,239,ObjectType
StateSensorType_Measurement,240,Variable
StateSensorType_Measurement_EURange,244,Variable
MiningEquipmentIdentificationType_Manufacturer,246,Variable
MiningEquipmentIdentificationType_ProductInstanceUri,247,Variable
MiningEquipmentIdentificationType_SerialNumber,248,Variable
MiningEquipmentType_Identification,249,Object
MiningEquipmentType_Identification_AssetId,250,Variable
MiningEquipmentType_Identification_DeviceClass,251,Variable
MiningEquipmentType_Identification_Manufacturer,252,Variable
MiningEquipmentType_Identification_ManufacturerUri,253,Variable
MiningEquipmentType_Identification_Model,254,Variable
MiningEquipmentType_Identification_ProductInstanceUri,255,Variable
MiningEquipmentType_Identification_SerialNumber,256,Variable
LoadingMachineType,257,ObjectType
LoadingMachineType_PositioningComplete,258,Method
LoadingMachineType_RequestForLoading,259,Method
LoadingMachineType_StopLoading,260,Method
LoadingMachineType_ExclusionZone,261,Variable
LoadingMachineType_MachinePose,262,Variable
ScraperType,263,ObjectType
ScraperType_SpeedSensor,264,Object
ScraperType_SpeedSensor_Measurement,265,Variable
ScraperType_SpeedSensor_Measurement_EURange,269,Variable
ScraperType_SpeedSensor_EngineeringUnits,271,Variable
ScraperType_SpeedSensor_EURange,272,Variable
ScraperType_MotorCurrentSensor,273,Object
ScraperType_MotorCurrentSensor_Measurement,274,Variable
ScraperType_MotorCurrentSensor_Measurement_EURange,278,Variable
ScraperType_MotorCurrentSensor_EngineeringUnits,280,Variable
ScraperType_MotorCurrentSensor_EURange,281,Variable
ScraperType_MotorVoltageSensor,282,Object
ScraperType_MotorVoltageSensor_Measurement,283,Variable
ScraperType_MotorVoltageSensor_Measurement_EURange,287,Variable
ScraperType_MotorVoltageSensor_EngineeringUnits,289,Variable
ScraperType_MotorVoltageSensor_EURange,290,Variable
ScraperType_OperatingStateSensor,291,Object
ScraperType_OperatingStateSensor_Measurement,292,Variable
ScraperType_OperatingStateSensor_Measurement_EURange,296,Variable
ScraperType_OperatingStateSensor_EngineeringUnits,298,Variable
ScraperType_OperatingStateSensor_EURange,299,Variable
ScraperType_MotorTemperatureSensor,300,Object
ScraperType_MotorTemperatureSensor_Measurement,301,Variable
ScraperType_MotorTemperatureSensor_Measurement_EURange,305,Variable
ScraperType_MotorTemperatureSensor_EngineeringUnits,307,Variable
ScraperType_MotorTemperatureSensor_EURange,308,Variable
ScraperType_PositionSensor,309,Object
ScraperType_PositionSensor_Measurement,310,Variable
ScraperType_PositionSensor_Measurement_EURange,314,Variable
ScraperType_PositionSensor_EngineeringUnits,316,Variable
ScraperType_PositionSensor_EURange,317,Variable
ScraperType_CumulativeEnergyUsed,318,Variable
ScraperType_VibrationSensor,319,Object
ScraperType_VibrationSensor_Measurement,320,Variable
ScraperType_VibrationSensor_Measurement_EURange,324,Variable
ScraperType_VibrationSensor_EngineeringUnits,326,Variable
ScraperType_VibrationSensor_EURange,327,Variable
ScraperType_VibrationSensor_Frequency,328,Variable
ScraperType_VibrationSensor_Amplitude,329,Variable
ConveyorMachineType,330,ObjectType
ConveyorMachineType_StartConveyor,331,Method
ConveyorMachineType_StopConveyor,332,Method
BeltConveyorType,333,ObjectType
BeltConveyorType_BeltSpeedSensor,334,Object
BeltConveyorType_BeltSpeedSensor_Measurement,335,Variable
BeltConveyorType_BeltSpeedSensor_Measurement_EURange,339,Variable
BeltConveyorType_BeltSpeedSensor_EngineeringUnits,341,Variable
BeltConveyorType_BeltSpeedSensor_EURange,342,Variable
BeltConveyorType_VolumeFlowRateSensor,343,Object
BeltConveyorType_VolumeFlowRateSensor_Measurement,344,Variable
BeltConveyorType_VolumeFlowRateSensor_Measurement_EURange,348,Variable
BeltConveyorType_VolumeFlowRateSensor_EngineeringUnits,350,Variable
BeltConveyorType_VolumeFlowRateSensor_EURange,351,Variable
BeltConveyorType_BeltLoadSensor,352,Object
BeltConveyorType_BeltLoadSensor_Measurement,353,Variable
BeltConveyorType_BeltLoadSensor_Measurement_EURange,357,Variable
BeltConveyorType_BeltLoadSensor_EngineeringUnits,359,Variable
BeltConveyorType_BeltLoadSensor_EURange,360,Variable
BeltConveyorType_MotorCurrentSensor,361,Object
BeltConveyorType_MotorCurrentSensor_Measurement,362,Variable
BeltConveyorType_MotorCurrentSensor_Measurement_EURange,366,Variable
BeltConveyorType_MotorCurrentSensor_EngineeringUnits,368,Variable
BeltConveyorType_MotorCurrentSensor_EURange,369,Variable
BeltConveyorType_MotorVoltageSensor,370,Object
BeltConveyorType_MotorVoltageSensor_Measurement,371,Variable
BeltConveyorType_MotorVoltageSensor_Measurement_EURange,375,Variable
BeltConveyorType_MotorVoltageSensor_EngineeringUnits,377,Variable
BeltConveyorType_MotorVoltageSensor_EURange,378,Variable
BeltConveyorType_OperatingStateSensor,379,Object
BeltConveyorType_OperatingStateSensor_Measurement,380,Variable
BeltConveyorType_OperatingStateSensor_Measurement_EURange,384,Variable
BeltConveyorType_OperatingStateSensor_EngineeringUnits,386,Variable
BeltConveyorType_OperatingStateSensor_EURange,387,Variable
BeltConveyorType_MotorTemperatureSensor,388,Object
BeltConveyorType_MotorTemperatureSensor_Measurement,389,Variable
BeltConveyorType_MotorTemperatureSensor_Measurement_EURange,393,Variable
BeltConveyorType_MotorTemperatureSensor_EngineeringUnits,395,Variable
BeltConveyorType_MotorTemperatureSensor_EURange,396,Variable
BeltConveyorType_CumulativeEnergyUsed,397,Variable
BeltConveyorType_VibrationSensor,398,Object
BeltConveyorType_VibrationSensor_Measurement,399,Variable
BeltConveyorType_VibrationSensor_Measurement_EURange,403,Variable
BeltConveyorType_VibrationSensor_EngineeringUnits,405,Variable
BeltConveyorType_VibrationSensor_EURange,406,Variable
BeltConveyorType_VibrationSensor_Frequency,407,Variable
BeltConveyorType_VibrationSensor_Amplitude,408,Variable
BeltConveyorType_BeltAlignmentSensor,409,Object
BeltConveyorType_BeltAlignmentSensor_Measurement,410,Variable
BeltConveyorType_BeltAlignmentSensor_Measurement_EURange,414,Variable
BeltConveyorType_BeltAlignmentSensor_EngineeringUnits,416,Variable
BeltConveyorType_BeltAlignmentSensor_EURange,417,Variable
BeltConveyor1,418,Object
BeltConveyor1_Identification,419,Object
BeltConveyor1_Identification_AssetId,420,Variable
BeltConveyor1_Identification_DeviceClass,421,Variable
BeltConveyor1_Identification_Manufacturer,422,Variable
BeltConveyor1_Identification_ManufacturerUri,423,Variable
BeltConveyor1_Identification_Model,424,Variable
BeltConveyor1_Identification_ProductInstanceUri,425,Variable
BeltConveyor1_Identification_SerialNumber,426,Variable
BeltConveyor1_StartConveyor,427,Method
BeltConveyor1_StopConveyor,428,Method
BeltConveyor1_BeltSpeedSensor,429,Object
BeltConveyor1_BeltSpeedSensor_Measurement,430,Variable
BeltConveyor1_BeltSpeedSensor_Measurement_EURange,434,Variable
BeltConveyor1_BeltSpeedSensor_EngineeringUnits,436,Variable
BeltConveyor1_BeltSpeedSensor_EURange,437,Variable
BeltConveyor1_VolumeFlowRateSensor,438,Object
BeltConveyor1_VolumeFlowRateSensor_Measurement,439,Variable
BeltConveyor1_VolumeFlowRateSensor_Measurement_EURange,443,Variable
BeltConveyor1_VolumeFlowRateSensor_EngineeringUnits,445,Variable
BeltConveyor1_VolumeFlowRateSensor_EURange,446,Variable
BeltConveyor1_BeltLoadSensor,447,Object
BeltConveyor1_BeltLoadSensor_Measurement,448,Variable
BeltConveyor1_BeltLoadSensor_Measurement_EURange,452,Variable
BeltConveyor1_BeltLoadSensor_EngineeringUnits,454,Variable
BeltConveyor1_BeltLoadSensor_EURange,455,Variable
BeltConveyor1_MotorCurrentSensor,456,Object
BeltConveyor1_MotorCurrentSensor_Measurement,457,Variable
BeltConveyor1_MotorCurrentSensor_Measurement_EURange,461,Variable
BeltConveyor1_MotorCurrentSensor_EngineeringUnits,463,Variable
BeltConveyor1_MotorCurrentSensor_EURange,464,Variable
BeltConveyor1_MotorVoltageSensor,465,Object
BeltConveyor1_MotorVoltageSensor_Measurement,466,Variable
BeltConveyor1_MotorVoltageSensor_Measurement_EURange,470,Variable
BeltConveyor1_MotorVoltageSensor_EngineeringUnits,472,Variable
BeltConveyor1_MotorVoltageSensor_EURange,473,Variable
BeltConveyor1_OperatingStateSensor,474,Object
BeltConveyor1_OperatingStateSensor_Measurement,475,Variable
BeltConveyor1_OperatingStateSensor_Measurement_EURange,479,Variable
BeltConveyor1_OperatingStateSensor_EngineeringUnits,481,Variable
BeltConveyor1_OperatingStateSensor_EURange,482,Variable
BeltConveyor1_MotorTemperatureSensor,483,Object
BeltConveyor1_MotorTemperatureSensor_Measurement,484,Variable
BeltConveyor1_MotorTemperatureSensor_Measurement_EURange,488,Variable
BeltConveyor1_MotorTemperatureSensor_EngineeringUnits,490,Variable
BeltConveyor1_MotorTemperatureSensor_EURange,491,Variable
BeltConveyor1_CumulativeEnergyUsed,492,Variable
BeltConveyor1_VibrationSensor,493,Object
BeltConveyor1_VibrationSensor_Measurement,494,Variable
BeltConveyor1_VibrationSensor_Measurement_EURange,498,Variable
BeltConveyor1_VibrationSensor_EngineeringUnits,500,Variable
BeltConveyor1_VibrationSensor_EURange,501,Variable
BeltConveyor1_VibrationSensor_Frequency,502,Variable
BeltConveyor1_VibrationSensor_Amplitude,503,Variable
BeltConveyor1_BeltAlignmentSensor,504,Object
BeltConveyor1_BeltAlignmentSensor_Measurement,505,Variable
BeltConveyor1_BeltAlignmentSensor_Measurement_EURange,509,Variable
BeltConveyor1_BeltAlignmentSensor_EngineeringUnits,511,Variable
BeltConveyor1_BeltAlignmentSensor_EURange,512,Variable
ConveyorModel_BinarySchema,513,Variable
ConveyorModel_BinarySchema_NamespaceUri,515,Variable
ConveyorModel_BinarySchema_Deprecated,516,Variable
ConveyorModel_BinarySchema_LongwallShieldOffsetDataType,517,Variable
ConveyorModel_XmlSchema,520,Variable
ConveyorModel_XmlSchema_NamespaceUri,522,Variable
ConveyorModel_XmlSchema_Deprecated,523,Variable
ConveyorModel_XmlSchema_LongwallShieldOffsetDataType,524,Variable
Scraper1,527,Object
Scraper1_Identification,528,Object
Scraper1_Identification_AssetId,529,Variable
Scraper1_Identification_DeviceClass,530,Variable
Scraper1_Identification_Manufacturer,531,Variable
Scraper1_Identification_ManufacturerUri,532,Variable
Scraper1_Identification_Model,533,Variable
Scraper1_Identification_ProductInstanceUri,534,Variable
Scraper1_Identification_SerialNumber,535,Variable
Scraper1_PositioningComplete,536,Method
Scraper1_RequestForLoading,537,Method
Scraper1_StopLoading,538,Method
Scraper1_ExclusionZone,539,Variable
Scraper1_MachinePose,540,Variable
Scraper1_SpeedSensor,541,Object
Scraper1_SpeedSensor_Measurement,542,Variable
Scraper1_SpeedSensor_Measurement_EURange,546,Variable
Scraper1_SpeedSensor_EngineeringUnits,548,Variable
Scraper1_SpeedSensor_EURange,549,Variable
Scraper1_MotorCurrentSensor,550,Object
Scraper1_MotorCurrentSensor_Measurement,551,Variable
Scraper1_MotorCurrentSensor_Measurement_EURange,555,Variable
Scraper1_MotorCurrentSensor_EngineeringUnits,557,Variable
Scraper1_MotorCurrentSensor_EURange,558,Variable
Scraper1_MotorVoltageSensor,559,Object
Scraper1_MotorVoltageSensor_Measurement,560,Variable
Scraper1_MotorVoltageSensor_Measurement_EURange,564,Variable
Scraper1_MotorVoltageSensor_EngineeringUnits,566,Variable
Scraper1_MotorVoltageSensor_EURange,567,Variable
Scraper1_OperatingStateSensor,568,Object
Scraper1_OperatingStateSensor_Measurement,569,Variable
Scraper1_OperatingStateSensor_Measurement_EURange,573,Variable
Scraper1_OperatingStateSensor_EngineeringUnits,575,Variable
Scraper1_OperatingStateSensor_EURange,576,Variable
Scraper1_MotorTemperatureSensor,577,Object
Scraper1_MotorTemperatureSensor_Measurement,578,Variable
Scraper1_MotorTemperatureSensor_Measurement_EURange,582,Variable
Scraper1_MotorTemperatureSensor_EngineeringUnits,584,Variable
Scraper1_MotorTemperatureSensor_EURange,585,Variable
Scraper1_PositionSensor,586,Object
Scraper1_PositionSensor_Measurement,587,Variable
Scraper1_PositionSensor_Measurement_EURange,591,Variable
Scraper1_PositionSensor_EngineeringUnits,593,Variable
Scraper1_PositionSensor_EURange,594,Variable
Scraper1_CumulativeEnergyUsed,595,Variable
Scraper1_VibrationSensor,596,Object
Scraper1_VibrationSensor_Measurement,597,Variable
Scraper1_VibrationSensor_Measurement_EURange,601,Variable
Scraper1_VibrationSensor_EngineeringUnits,603,Variable
Scraper1_VibrationSensor_EURange,604,Variable
Scraper1_VibrationSensor_Frequency,605,Variable
Scraper1_VibrationSensor_Amplitude,606,Variable
ShuttleConveyorType,607,ObjectType
ShuttleConveyorType_LoadingStateSensor,608,Object
ShuttleConveyorType_LoadingStateSensor_Measurement,609,Variable
ShuttleConveyorType_LoadingStateSensor_Measurement_EURange,613,Variable
ShuttleConveyorType_LoadingStateSensor_EngineeringUnits,615,Variable
ShuttleConveyorType_LoadingStateSensor_EURange,616,Variable
ShuttleConveyorType_BeltLoadSensor,617,Object
ShuttleConveyorType_BeltLoadSensor_Measurement,618,Variable
ShuttleConveyorType_BeltLoadSensor_Measurement_EURange,622,Variable
ShuttleConveyorType_BeltLoadSensor_EngineeringUnits,624,Variable
ShuttleConveyorType_BeltLoadSensor_EURange,625,Variable
ShuttleConveyorType_MotorCurrentSensor,626,Object
ShuttleConveyorType_MotorCurrentSensor_Measurement,627,Variable
ShuttleConveyorType_MotorCurrentSensor_Measurement_EURange,631,Variable
ShuttleConveyorType_MotorCurrentSensor_EngineeringUnits,633,Variable
ShuttleConveyorType_MotorCurrentSensor_EURange,634,Variable
ShuttleConveyorType_MotorVoltageSensor,635,Object
ShuttleConveyorType_MotorVoltageSensor_Measurement,636,Variable
ShuttleConveyorType_MotorVoltageSensor_Measurement_EURange,640,Variable
ShuttleConveyorType_MotorVoltageSensor_EngineeringUnits,642,Variable
ShuttleConveyorType_MotorVoltageSensor_EURange,643,Variable
ShuttleConveyorType_OperatingStateSensor,644,Object
ShuttleConveyorType_OperatingStateSensor_Measurement,645,Variable
ShuttleConveyorType_OperatingStateSensor_Measurement_EURange,649,Variable
ShuttleConveyorType_OperatingStateSensor_EngineeringUnits,651,Variable
ShuttleConveyorType_OperatingStateSensor_EURange,652,Variable
ShuttleConveyorType_MotorTemperatureSensor,653,Object
ShuttleConveyorType_MotorTemperatureSensor_Measurement,654,Variable
ShuttleConveyorType_MotorTemperatureSensor_Measurement_EURange,658,Variable
ShuttleConveyorType_MotorTemperatureSensor_EngineeringUnits,660,Variable
ShuttleConveyorType_MotorTemperatureSensor_EURange,661,Variable
ShuttleConveyorType_DirectionSignal,662,Variable
ShuttleConveyorType_CumulativeEnergyUsed,663,Variable
ShuttleConveyorType_VibrationSensor,664,Object
ShuttleConveyorType_VibrationSensor_Measurement,665,Variable
ShuttleConveyorType_VibrationSensor_Measurement_EURange,669,Variable
ShuttleConveyorType_VibrationSensor_EngineeringUnits,671,Variable
ShuttleConveyorType_VibrationSensor_EURange,672,Variable
ShuttleConveyorType_VibrationSensor_Frequency,673,Variable
ShuttleConveyorType_VibrationSensor_Amplitude,674,Variable
ShuttleConveyor1,675,Object
ShuttleConveyor1_Identification,676,Object
ShuttleConveyor1_Identification_AssetId,677,Variable
ShuttleConveyor1_Identification_DeviceClass,678,Variable
ShuttleConveyor1_Identification_Manufacturer,679,Variable
ShuttleConveyor1_Identification_ManufacturerUri,680,Variable
ShuttleConveyor1_Identification_Model,681,Variable
ShuttleConveyor1_Identification_ProductInstanceUri,682,Variable
ShuttleConveyor1_Identification_SerialNumber,683,Variable
ShuttleConveyor1_StartConveyor,684,Method
ShuttleConveyor1_StopConveyor,685,Method
ShuttleConveyor1_LoadingStateSensor,686,Object
ShuttleConveyor1_LoadingStateSensor_Measurement,687,Variable
ShuttleConveyor1_LoadingStateSensor_Measurement_EURange,691,Variable
ShuttleConveyor1_LoadingStateSensor_EngineeringUnits,693,Variable
ShuttleConveyor1_LoadingStateSensor_EURange,694,Variable
ShuttleConveyor1_BeltLoadSensor,695,Object
ShuttleConveyor1_BeltLoadSensor_Measurement,696,Variable
ShuttleConveyor1_BeltLoadSensor_Measurement_EURange,700,Variable
ShuttleConveyor1_BeltLoadSensor_EngineeringUnits,702,Variable
ShuttleConveyor1_BeltLoadSensor_EURange,703,Variable
ShuttleConveyor1_MotorCurrentSensor,704,Object
ShuttleConveyor1_MotorCurrentSensor_Measurement,705,Variable
ShuttleConveyor1_MotorCurrentSensor_Measurement_EURange,709,Variable
ShuttleConveyor1_MotorCurrentSensor_EngineeringUnits,711,Variable
ShuttleConveyor1_MotorCurrentSensor_EURange,712,Variable
ShuttleConveyor1_MotorVoltageSensor,713,Object
ShuttleConveyor1_MotorVoltageSensor_Measurement,714,Variable
ShuttleConveyor1_MotorVoltageSensor_Measurement_EURange,718,Variable
ShuttleConveyor1_MotorVoltageSensor_EngineeringUnits,720,Variable
ShuttleConveyor1_MotorVoltageSensor_EURange,721,Variable
ShuttleConveyor1_OperatingStateSensor,722,Object
ShuttleConveyor1_OperatingStateSensor_Measurement,723,Variable
ShuttleConveyor1_OperatingStateSensor_Measurement_EURange,727,Variable
ShuttleConveyor1_OperatingStateSensor_EngineeringUnits,729,Variable
ShuttleConveyor1_OperatingStateSensor_EURange,730,Variable
ShuttleConveyor1_MotorTemperatureSensor,731,Object
ShuttleConveyor1_MotorTemperatureSensor_Measurement,732,Variable
ShuttleConveyor1_MotorTemperatureSensor_Measurement_EURange,736,Variable
ShuttleConveyor1_MotorTemperatureSensor_EngineeringUnits,738,Variable
ShuttleConveyor1_MotorTemperatureSensor_EURange,739,Variable
ShuttleConveyor1_DirectionSignal,740,Variable
ShuttleConveyor1_CumulativeEnergyUsed,741,Variable
ShuttleConveyor1_VibrationSensor,742,Object
ShuttleConveyor1_VibrationSensor_Measurement,743,Variable
ShuttleConveyor1_VibrationSensor_Measurement_EURange,747,Variable
ShuttleConveyor1_VibrationSensor_EngineeringUnits,749,Variable
ShuttleConveyor1_VibrationSensor_EURange,750,Variable
ShuttleConveyor1_VibrationSensor_Frequency,751,Variable
ShuttleConveyor1_VibrationSensor_Amplitude,752,Variable
ShiploaderType,753,ObjectType
ShiploaderType_LoadSensor,754,Object
ShiploaderType_LoadSensor_Measurement,755,Variable
ShiploaderType_LoadSensor_Measurement_EURange,759,Variable
ShiploaderType_LoadSensor_EngineeringUnits,761,Variable
ShiploaderType_LoadSensor_EURange,762,Variable
ShiploaderType_SpeedSensor,763,Object
ShiploaderType_SpeedSensor_Measurement,764,Variable
ShiploaderType_SpeedSensor_Measurement_EURange,768,Variable
ShiploaderType_SpeedSensor_EngineeringUnits,770,Variable
ShiploaderType_SpeedSensor_EURange,771,Variable
ShiploaderType_MotorCurrentSensor,772,Object
ShiploaderType_MotorCurrentSensor_Measurement,773,Variable
ShiploaderType_MotorCurrentSensor_Measurement_EURange,777,Variable
ShiploaderType_MotorCurrentSensor_EngineeringUnits,779,Variable
ShiploaderType_MotorCurrentSensor_EURange,780,Variable
ShiploaderType_MotorVoltageSensor,781,Object
ShiploaderType_MotorVoltageSensor_Measurement,782,Variable
ShiploaderType_MotorVoltageSensor_Measurement_EURange,786,Variable
ShiploaderType_MotorVoltageSensor_EngineeringUnits,788,Variable
ShiploaderType_MotorVoltageSensor_EURange,789,Variable
ShiploaderType_OperatingStateSensor,790,Object
ShiploaderType_OperatingStateSensor_Measurement,791,Variable
ShiploaderType_OperatingStateSensor_Measurement_EURange,795,Variable
ShiploaderType_OperatingStateSensor_EngineeringUnits,797,Variable
ShiploaderType_OperatingStateSensor_EURange,798,Variable
ShiploaderType_MotorTemperatureSensor,799,Object
ShiploaderType_MotorTemperatureSensor_Measurement,800,Variable
ShiploaderType_MotorTemperatureSensor_Measurement_EURange,804,Variable
ShiploaderType_MotorTemperatureSensor_EngineeringUnits,806,Variable
ShiploaderType_MotorTemperatureSensor_EURange,807,Variable
ShiploaderType_CumulativeEnergyUsed,808,Variable
ShiploaderType_VibrationSensor,809,Object
ShiploaderType_VibrationSensor_Measurement,810,Variable
ShiploaderType_VibrationSensor_Measurement_EURange,814,Variable
ShiploaderType_VibrationSensor_EngineeringUnits,816,Variable
ShiploaderType_VibrationSensor_EURange,817,Variable
ShiploaderType_VibrationSensor_Frequency,818,Variable
ShiploaderType_VibrationSensor_Amplitude,819,Variable
Shiploader1,820,Object
Shiploader1_Identification,821,Object
Shiploader1_Identification_AssetId,822,Variable
Shiploader1_Identification_DeviceClass,823,Variable
Shiploader1_Identification_Manufacturer,824,Variable
Shiploader1_Identification_ManufacturerUri,825,Variable
Shiploader1_Identification_Model,826,Variable
Shiploader1_Identification_ProductInstanceUri,827,Variable
Shiploader1_Identification_SerialNumber,828,Variable
Shiploader1_PositioningComplete,829,Method
Shiploader1_RequestForLoading,830,Method
Shiploader1_StopLoading,831,Method
Shiploader1_ExclusionZone,832,Variable
Shiploader1_MachinePose,833,Variable
Shiploader1_LoadSensor,834,Object
Shiploader1_LoadSensor_Measurement,835,Variable
Shiploader1_LoadSensor_Measurement_EURange,839,Variable
Shiploader1_LoadSensor_EngineeringUnits,841,Variable
Shiploader1_LoadSensor_EURange,842,Variable
Shiploader1_SpeedSensor,843,Object
Shiploader1_SpeedSensor_Measurement,844,Variable
Shiploader1_SpeedSensor_Measurement_EURange,848,Variable
Shiploader1_SpeedSensor_EngineeringUnits,850,Variable
Shiploader1_SpeedSensor_EURange,851,Variable
Shiploader1_MotorCurrentSensor,852,Object
Shiploader1_MotorCurrentSensor_Measurement,853,Variable
Shiploader1_MotorCurrentSensor_Measurement_EURange,857,Variable
Shiploader1_MotorCurrentSensor_EngineeringUnits,859,Variable
Shiploader1_MotorCurrentSensor_EURange,860,Variable
Shiploader1_MotorVoltageSensor,861,Object
Shiploader1_MotorVoltageSensor_Measurement,862,Variable
Shiploader1_MotorVoltageSensor_Measurement_EURange,866,Variable
Shiploader1_MotorVoltageSensor_EngineeringUnits,868,Variable
Shiploader1_MotorVoltageSensor_EURange,869,Variable
Shiploader1_OperatingStateSensor,870,Object
Shiploader1_OperatingStateSensor_Measurement,871,Variable
Shiploader1_OperatingStateSensor_Measurement_EURange,875,Variable
Shiploader1_OperatingStateSensor_EngineeringUnits,877,Variable
Shiploader1_OperatingStateSensor_EURange,878,Variable
Shiploader1_MotorTemperatureSensor,879,Object
Shiploader1_MotorTemperatureSensor_Measurement,880,Variable
Shiploader1_MotorTemperatureSensor_Measurement_EURange,884,Variable
Shiploader1_MotorTemperatureSensor_EngineeringUnits,886,Variable
Shiploader1_MotorTemperatureSensor_EURange,887,Variable
Shiploader1_CumulativeEnergyUsed,888,Variable
Shiploader1_VibrationSensor,889,Object
Shiploader1_VibrationSensor_Measurement,890,Variable
Shiploader1_VibrationSensor_Measurement_EURange,894,Variable
Shiploader1_VibrationSensor_EngineeringUnits,896,Variable
Shiploader1_VibrationSensor_EURange,897,Variable
Shiploader1_VibrationSensor_Frequency,898,Variable
Shiploader1_VibrationSensor_Amplitude,899,Variable
AutomaticSamplerType,900,ObjectType
AutomaticSamplerType_SamplingFrequency,901,Variable
AutomaticSamplerType_SamplingArmPositionSensor,902,Object
AutomaticSamplerType_SamplingArmPositionSensor_Measurement,903,Variable
AutomaticSamplerType_SamplingArmPositionSensor_Measurement_EURange,907,Variable
AutomaticSamplerType_SamplingArmPositionSensor_EngineeringUnits,909,Variable
AutomaticSamplerType_SamplingArmPositionSensor_EURange,910,Variable
AutomaticSamplerType_MotorCurrentSensor,911,Object
AutomaticSamplerType_MotorCurrentSensor_Measurement,912,Variable
AutomaticSamplerType_MotorCurrentSensor_Measurement_EURange,916,Variable
AutomaticSamplerType_MotorCurrentSensor_EngineeringUnits,918,Variable
AutomaticSamplerType_MotorCurrentSensor_EURange,919,Variable
AutomaticSamplerType_MotorVoltageSensor,920,Object
AutomaticSamplerType_MotorVoltageSensor_Measurement,921,Variable
AutomaticSamplerType_MotorVoltageSensor_Measurement_EURange,925,Variable
AutomaticSamplerType_MotorVoltageSensor_EngineeringUnits,927,Variable
AutomaticSamplerType_MotorVoltageSensor_EURange,928,Variable
AutomaticSamplerType_OperatingStateSensor,929,Object
AutomaticSamplerType_OperatingStateSensor_Measurement,930,Variable
AutomaticSamplerType_OperatingStateSensor_Measurement_EURange,934,Variable
AutomaticSamplerType_OperatingStateSensor_EngineeringUnits,936,Variable
AutomaticSamplerType_OperatingStateSensor_EURange,937,Variable
AutomaticSamplerType_MotorTemperatureSensor,938,Object
AutomaticSamplerType_MotorTemperatureSensor_Measurement,939,Variable
AutomaticSamplerType_MotorTemperatureSensor_Measurement_EURange,943,Variable
AutomaticSamplerType_MotorTemperatureSensor_EngineeringUnits,945,Variable
AutomaticSamplerType_MotorTemperatureSensor_EURange,946,Variable
AutomaticSamplerType_CumulativeEnergyUsed,947,Variable
AutomaticSamplerType_VibrationSensor,948,Object
AutomaticSamplerType_VibrationSensor_Measurement,949,Variable
AutomaticSamplerType_VibrationSensor_Measurement_EURange,953,Variable
AutomaticSamplerType_VibrationSensor_EngineeringUnits,955,Variable
AutomaticSamplerType_VibrationSensor_EURange,956,Variable
AutomaticSamplerType_VibrationSensor_Frequency,957,Variable
AutomaticSamplerType_VibrationSensor_Amplitude,958,Variable
QualityIdentifierType,959,ObjectType
QualityIdentifierType_EmissionSpectrum,960,Variable
QualityIdentifierType_MotorCurrentSensor,961,Object
QualityIdentifierType_MotorCurrentSensor_Measurement,962,Variable
QualityIdentifierType_MotorCurrentSensor_Measurement_EURange,966,Variable
QualityIdentifierType_MotorCurrentSensor_EngineeringUnits,968,Variable
QualityIdentifierType_MotorCurrentSensor_EURange,969,Variable
QualityIdentifierType_MotorVoltageSensor,970,Object
QualityIdentifierType_MotorVoltageSensor_Measurement,971,Variable
QualityIdentifierType_MotorVoltageSensor_Measurement_EURange,975,Variable
QualityIdentifierType_MotorVoltageSensor_EngineeringUnits,977,Variable
QualityIdentifierType_MotorVoltageSensor_EURange,978,Variable
QualityIdentifierType_OperatingStateSensor,979,Object
QualityIdentifierType_OperatingStateSensor_Measurement,980,Variable
QualityIdentifierType_OperatingStateSensor_Measurement_EURange,984,Variable
QualityIdentifierType_OperatingStateSensor_EngineeringUnits,986,Variable
QualityIdentifierType_OperatingStateSensor_EURange,987,Variable
QualityIdentifierType_MotorTemperatureSensor,988,Object
QualityIdentifierType_MotorTemperatureSensor_Measurement,989,Variable
QualityIdentifierType_MotorTemperatureSensor_Measurement_EURange,993,Variable
QualityIdentifierType_MotorTemperatureSensor_EngineeringUnits,995,Variable
QualityIdentifierType_MotorTemperatureSensor_EURange,996,Variable
QualityIdentifierType_CumulativeEnergyUsed,997,Variable
QualityIdentifierType_VibrationSensor,998,Object
QualityIdentifierType_VibrationSensor_Measurement,999,Variable
QualityIdentifierType_VibrationSensor_Measurement_EURange,1003,Variable
QualityIdentifierType_VibrationSensor_EngineeringUnits,1005,Variable
QualityIdentifierType_VibrationSensor_EURange,1006,Variable
QualityIdentifierType_VibrationSensor_Frequency,1007,Variable
QualityIdentifierType_VibrationSensor_Amplitude,1008,Variable
ScreeningUnitType,1009,ObjectType
ScreeningUnitType_MotorCurrentSensor,1010,Object
ScreeningUnitType_MotorCurrentSensor_Measurement,1011,Variable
ScreeningUnitType_MotorCurrentSensor_Measurement_EURange,1015,Variable
ScreeningUnitType_MotorCurrentSensor_EngineeringUnits,1017,Variable
ScreeningUnitType_MotorCurrentSensor_EURange,1018,Variable
ScreeningUnitType_MotorVoltageSensor,1019,Object
ScreeningUnitType_MotorVoltageSensor_Measurement,1020,Variable
ScreeningUnitType_MotorVoltageSensor_Measurement_EURange,1024,Variable
ScreeningUnitType_MotorVoltageSensor_EngineeringUnits,1026,Variable
ScreeningUnitType_MotorVoltageSensor_EURange,1027,Variable
ScreeningUnitType_OperatingStateSensor,1028,Object
ScreeningUnitType_OperatingStateSensor_Measurement,1029,Variable
ScreeningUnitType_OperatingStateSensor_Measurement_EURange,1033,Variable
ScreeningUnitType_OperatingStateSensor_EngineeringUnits,1035,Variable
ScreeningUnitType_OperatingStateSensor_EURange,1036,Variable
ScreeningUnitType_MotorTemperatureSensor,1037,Object
ScreeningUnitType_MotorTemperatureSensor_Measurement,1038,Variable
ScreeningUnitType_MotorTemperatureSensor_Measurement_EURange,1042,Variable
ScreeningUnitType_MotorTemperatureSensor_EngineeringUnits,1044,Variable
ScreeningUnitType_MotorTemperatureSensor_EURange,1045,Variable
ScreeningUnitType_CumulativeEnergyUsed,1046,Variable
ScreeningUnitType_VibrationSensor,1047,Object
ScreeningUnitType_VibrationSensor_Measurement,1048,Variable
ScreeningUnitType_VibrationSensor_Measurement_EURange,1052,Variable
ScreeningUnitType_VibrationSensor_EngineeringUnits,1054,Variable
ScreeningUnitType_VibrationSensor_EURange,1055,Variable
ScreeningUnitType_VibrationSensor_Frequency,1056,Variable
ScreeningUnitType_VibrationSensor_Amplitude,1057,Variable
ScreeningUnitType_ScreenThicknessSensor,1058,Object
ScreeningUnitType_ScreenThicknessSensor_Measurement,1059,Variable
ScreeningUnitType_ScreenThicknessSensor_Measurement_EURange,1063,Variable
ScreeningUnitType_ScreenThicknessSensor_EngineeringUnits,1065,Variable
ScreeningUnitType_ScreenThicknessSensor_EURange,1066,Variable
AutomaticSampler1,1067,Object
AutomaticSampler1_Identification,1068,Object
AutomaticSampler1_Identification_AssetId,1069,Variable
AutomaticSampler1_Identification_DeviceClass,1070,Variable
AutomaticSampler1_Identification_Manufacturer,1071,Variable
AutomaticSampler1_Identification_ManufacturerUri,1072,Variable
AutomaticSampler1_Identification_Model,1073,Variable
AutomaticSampler1_Identification_ProductInstanceUri,1074,Variable
AutomaticSampler1_Identification_SerialNumber,1075,Variable
AutomaticSampler1_SamplingFrequency,1076,Variable
AutomaticSampler1_SamplingArmPositionSensor,1077,Object
AutomaticSampler1_SamplingArmPositionSensor_Measurement,1078,Variable
AutomaticSampler1_SamplingArmPositionSensor_Measurement_EURange,1082,Variable
AutomaticSampler1_SamplingArmPositionSensor_EngineeringUnits,1084,Variable
AutomaticSampler1_SamplingArmPositionSensor_EURange,1085,Variable
AutomaticSampler1_MotorCurrentSensor,1086,Object
AutomaticSampler1_MotorCurrentSensor_Measurement,1087,Variable
AutomaticSampler1_MotorCurrentSensor_Measurement_EURange,1091,Variable
AutomaticSampler1_MotorCurrentSensor_EngineeringUnits,1093,Variable
AutomaticSampler1_MotorCurrentSensor_EURange,1094,Variable
AutomaticSampler1_MotorVoltageSensor,1095,Object
AutomaticSampler1_MotorVoltageSensor_Measurement,1096,Variable
AutomaticSampler1_MotorVoltageSensor_Measurement_EURange,1100,Variable
AutomaticSampler1_MotorVoltageSensor_EngineeringUnits,1102,Variable
AutomaticSampler1_MotorVoltageSensor_EURange,1103,Variable
AutomaticSampler1_OperatingStateSensor,1104,Object
AutomaticSampler1_OperatingStateSensor_Measurement,1105,Variable
AutomaticSampler1_OperatingStateSensor_Measurement_EURange,1109,Variable
AutomaticSampler1_OperatingStateSensor_EngineeringUnits,1111,Variable
AutomaticSampler1_OperatingStateSensor_EURange,1112,Variable
AutomaticSampler1_MotorTemperatureSensor,1113,Object
AutomaticSampler1_MotorTemperatureSensor_Measurement,1114,Variable
AutomaticSampler1_MotorTemperatureSensor_Measurement_EURange,1118,Variable
AutomaticSampler1_MotorTemperatureSensor_EngineeringUnits,1120,Variable
AutomaticSampler1_MotorTemperatureSensor_EURange,1121,Variable
AutomaticSampler1_CumulativeEnergyUsed,1122,Variable
AutomaticSampler1_VibrationSensor,1123,Object
AutomaticSampler1_VibrationSensor_Measurement,1124,Variable
AutomaticSampler1_VibrationSensor_Measurement_EURange,1128,Variable
AutomaticSampler1_VibrationSensor_EngineeringUnits,1130,Variable
AutomaticSampler1_VibrationSensor_EURange,1131,Variable
AutomaticSampler1_VibrationSensor_Frequency,1132,Variable
AutomaticSampler1_VibrationSensor_Amplitude,1133,Variable
QualityIdentifier1,1134,Object
QualityIdentifier1_Identification,1135,Object
QualityIdentifier1_Identification_AssetId,1136,Variable
QualityIdentifier1_Identification_DeviceClass,1137,Variable
QualityIdentifier1_Identification_Manufacturer,1138,Variable
QualityIdentifier1_Identification_ManufacturerUri,1139,Variable
QualityIdentifier1_Identification_Model,1140,Variable
QualityIdentifier1_Identification_ProductInstanceUri,1141,Variable
QualityIdentifier1_Identification_SerialNumber,1142,Variable
QualityIdentifier1_EmissionSpectrum,1143,Variable
QualityIdentifier1_MotorCurrentSensor,1144,Object
QualityIdentifier1_MotorCurrentSensor_Measurement,1145,Variable
QualityIdentifier1_MotorCurrentSensor_Measurement_EURange,1149,Variable
QualityIdentifier1_MotorCurrentSensor_EngineeringUnits,1151,Variable
QualityIdentifier1_MotorCurrentSensor_EURange,1152,Variable
QualityIdentifier1_MotorVoltageSensor,1153,Object
QualityIdentifier1_MotorVoltageSensor_Measurement,1154,Variable
QualityIdentifier1_MotorVoltageSensor_Measurement_EURange,1158,Variable
QualityIdentifier1_MotorVoltageSensor_EngineeringUnits,1160,Variable
QualityIdentifier1_MotorVoltageSensor_EURange,1161,Variable
QualityIdentifier1_OperatingStateSensor,1162,Object
QualityIdentifier1_OperatingStateSensor_Measurement,1163,Variable
QualityIdentifier1_OperatingStateSensor_Measurement_EURange,1167,Variable
QualityIdentifier1_OperatingStateSensor_EngineeringUnits,1169,Variable
QualityIdentifier1_OperatingStateSensor_EURange,1170,Variable
QualityIdentifier1_MotorTemperatureSensor,1171,Object
QualityIdentifier1_MotorTemperatureSensor_Measurement,1172,Variable
QualityIdentifier1_MotorTemperatureSensor_Measurement_EURange,1176,Variable
QualityIdentifier1_MotorTemperatureSensor_EngineeringUnits,1178,Variable
QualityIdentifier1_MotorTemperatureSensor_EURange,1179,Variable
QualityIdentifier1_CumulativeEnergyUsed,1180,Variable
QualityIdentifier1_VibrationSensor,1181,Object
QualityIdentifier1_VibrationSensor_Measurement,1182,Variable
QualityIdentifier1_VibrationSensor_Measurement_EURange,1186,Variable
QualityIdentifier1_VibrationSensor_EngineeringUnits,1188,Variable
QualityIdentifier1_VibrationSensor_EURange,1189,Variable
QualityIdentifier1_VibrationSensor_Frequency,1190,Variable
QualityIdentifier1_VibrationSensor_Amplitude,1191,Variable
ScreeningUnit1,1192,Object
ScreeningUnit1_Identification,1193,Object
ScreeningUnit1_Identification_AssetId,1194,Variable
ScreeningUnit1_Identification_DeviceClass,1195,Variable
ScreeningUnit1_Identification_Manufacturer,1196,Variable
ScreeningUnit1_Identification_ManufacturerUri,1197,Variable
ScreeningUnit1_Identification_Model,1198,Variable
ScreeningUnit1_Identification_ProductInstanceUri,1199,Variable
ScreeningUnit1_Identification_SerialNumber,1200,Variable
ScreeningUnit1_MotorCurrentSensor,1201,Object
ScreeningUnit1_MotorCurrentSensor_Measurement,1202,Variable
ScreeningUnit1_MotorCurrentSensor_Measurement_EURange,1206,Variable
ScreeningUnit1_MotorCurrentSensor_EngineeringUnits,1208,Variable
ScreeningUnit1_MotorCurrentSensor_EURange,1209,Variable
ScreeningUnit1_MotorVoltageSensor,1210,Object
ScreeningUnit1_MotorVoltageSensor_Measurement,1211,Variable
ScreeningUnit1_MotorVoltageSensor_Measurement_EURange,1215,Variable
ScreeningUnit1_MotorVoltageSensor_EngineeringUnits,1217,Variable
ScreeningUnit1_MotorVoltageSensor_EURange,1218,Variable
ScreeningUnit1_OperatingStateSensor,1219,Object
ScreeningUnit1_OperatingStateSensor_Measurement,1220,Variable
ScreeningUnit1_OperatingStateSensor_Measurement_EURange,1224,Variable
ScreeningUnit1_OperatingStateSensor_EngineeringUnits,1226,Variable
ScreeningUnit1_OperatingStateSensor_EURange,1227,Variable
ScreeningUnit1_MotorTemperatureSensor,1228,Object
ScreeningUnit1_MotorTemperatureSensor_Measurement,1229,Variable
ScreeningUnit1_MotorTemperatureSensor_Measurement_EURange,1233,Variable
ScreeningUnit1_MotorTemperatureSensor_EngineeringUnits,1235,Variable
ScreeningUnit1_MotorTemperatureSensor_EURange,1236,Variable
ScreeningUnit1_CumulativeEnergyUsed,1237,Variable
ScreeningUnit1_VibrationSensor,1238,Object
ScreeningUnit1_VibrationSensor_Measurement,1239,Variable
ScreeningUnit1_VibrationSensor_Measurement_EURange,1243,Variable
ScreeningUnit1_VibrationSensor_EngineeringUnits,1245,Variable
ScreeningUnit1_VibrationSensor_EURange,1246,Variable
ScreeningUnit1_VibrationSensor_Frequency,1247,Variable
ScreeningUnit1_VibrationSensor_Amplitude,1248,Variable
ScreeningUnit1_ScreenThicknessSensor,1249,Object
ScreeningUnit1_ScreenThicknessSensor_Measurement,1250,Variable
ScreeningUnit1_ScreenThicknessSensor_Measurement_EURange,1254,Variable
ScreeningUnit1_ScreenThicknessSensor_EngineeringUnits,1256,Variable
ScreeningUnit1_ScreenThicknessSensor_EURange,1257,Variable
TripperCarType,1628,ObjectType
TripperCarType_SpeedSensor,1629,Object
TripperCarType_SpeedSensor_Measurement,1630,Variable
TripperCarType_SpeedSensor_Measurement_EURange,1634,Variable
TripperCarType_SpeedSensor_EngineeringUnits,1636,Variable
TripperCarType_SpeedSensor_EURange,1637,Variable
TripperCarType_MotorCurrentSensor,1638,Object
TripperCarType_MotorCurrentSensor_Measurement,1639,Variable
TripperCarType_MotorCurrentSensor_Measurement_EURange,1643,Variable
TripperCarType_MotorCurrentSensor_EngineeringUnits,1645,Variable
TripperCarType_MotorCurrentSensor_EURange,1646,Variable
TripperCarType_MotorVoltageSensor,1647,Object
TripperCarType_MotorVoltageSensor_Measurement,1648,Variable
TripperCarType_MotorVoltageSensor_Measurement_EURange,1652,Variable
TripperCarType_MotorVoltageSensor_EngineeringUnits,1654,Variable
TripperCarType_MotorVoltageSensor_EURange,1655,Variable
TripperCarType_OperatingStateSensor,1656,Object
TripperCarType_OperatingStateSensor_Measurement,1657,Variable
TripperCarType_OperatingStateSensor_Measurement_EURange,1661,Variable
TripperCarType_OperatingStateSensor_EngineeringUnits,1663,Variable
TripperCarType_OperatingStateSensor_EURange,1664,Variable
TripperCarType_MotorTemperatureSensor,1665,Object
TripperCarType_MotorTemperatureSensor_Measurement,1666,Variable
TripperCarType_MotorTemperatureSensor_Measurement_EURange,1670,Variable
TripperCarType_MotorTemperatureSensor_EngineeringUnits,1672,Variable
TripperCarType_MotorTemperatureSensor_EURange,1673,Variable
TripperCarType_PositionSensor,1674,Object
TripperCarType_PositionSensor_Measurement,1675,Variable
TripperCarType_PositionSensor_Measurement_EURange,1679,Variable
TripperCarType_PositionSensor_EngineeringUnits,1681,Variable
TripperCarType_PositionSensor_EURange,1682,Variable
TripperCarType_CumulativeEnergyUsed,1683,Variable
TripperCarType_VibrationSensor,1684,Object
TripperCarType_VibrationSensor_Measurement,1685,Variable
TripperCarType_VibrationSensor_Measurement_EURange,1689,Variable
TripperCarType_VibrationSensor_EngineeringUnits,1691,Variable
TripperCarType_VibrationSensor_EURange,1692,Variable
TripperCarType_VibrationSensor_Frequency,1693,Variable
TripperCarType_VibrationSensor_Amplitude,1694,Variable
TripperCar1,1695,Object
TripperCar1_Identification,1696,Object
TripperCar1_Identification_AssetId,1697,Variable
TripperCar1_Identification_DeviceClass,1698,Variable
TripperCar1_Identification_Manufacturer,1699,Variable
TripperCar1_Identification_ManufacturerUri,1700,Variable
TripperCar1_Identification_Model,1701,Variable
TripperCar1_Identification_ProductInstanceUri,1702,Variable
TripperCar1_Identification_SerialNumber,1703,Variable
TripperCar1_PositioningComplete,1704,Method
TripperCar1_RequestForLoading,1705,Method
TripperCar1_StopLoading,1706,Method
TripperCar1_ExclusionZone,1707,Variable
TripperCar1_MachinePose,1708,Variable
TripperCar1_SpeedSensor,1709,Object
TripperCar1_SpeedSensor_Measurement,1710,Variable
TripperCar1_SpeedSensor_Measurement_EURange,1714,Variable
TripperCar1_SpeedSensor_EngineeringUnits,1716,Variable
TripperCar1_SpeedSensor_EURange,1717,Variable
TripperCar1_MotorCurrentSensor,1718,Object
TripperCar1_MotorCurrentSensor_Measurement,1719,Variable
TripperCar1_MotorCurrentSensor_Measurement_EURange,1723,Variable
TripperCar1_MotorCurrentSensor_EngineeringUnits,1725,Variable
TripperCar1_MotorCurrentSensor_EURange,1726,Variable
TripperCar1_MotorVoltageSensor,1727,Object
TripperCar1_MotorVoltageSensor_Measurement,1728,Variable
TripperCar1_MotorVoltageSensor_Measurement_EURange,1732,Variable
TripperCar1_MotorVoltageSensor_EngineeringUnits,1734,Variable
TripperCar1_MotorVoltageSensor_EURange,1735,Variable
TripperCar1_OperatingStateSensor,1736,Object
TripperCar1_OperatingStateSensor_Measurement,1737,Variable
TripperCar1_OperatingStateSensor_Measurement_EURange,1741,Variable
TripperCar1_OperatingStateSensor_EngineeringUnits,1743,Variable
TripperCar1_OperatingStateSensor_EURange,1744,Variable
TripperCar1_MotorTemperatureSensor,1745,Object
TripperCar1_MotorTemperatureSensor_Measurement,1746,Variable
TripperCar1_MotorTemperatureSensor_Measurement_EURange,1750,Variable
TripperCar1_MotorTemperatureSensor_EngineeringUnits,1752,Variable
TripperCar1_MotorTemperatureSensor_EURange,1753,Variable
TripperCar1_PositionSensor,1754,Object
TripperCar1_PositionSensor_Measurement,1755,Variable
TripperCar1_PositionSensor_Measurement_EURange,1759,Variable
TripperCar1_PositionSensor_EngineeringUnits,1761,Variable
TripperCar1_PositionSensor_EURange,1762,Variable
TripperCar1_CumulativeEnergyUsed,1763,Variable
TripperCar1_VibrationSensor,1764,Object
TripperCar1_VibrationSensor_Measurement,1765,Variable
TripperCar1_VibrationSensor_Measurement_EURange,1769,Variable
TripperCar1_VibrationSensor_EngineeringUnits,1771,Variable
TripperCar1_VibrationSensor_EURange,1772,Variable
TripperCar1_VibrationSensor_Frequency,1773,Variable
TripperCar1_VibrationSensor_Amplitude,1774,Variable
StorageHallType,1775,ObjectType
StorageHallType_StockpileCoordinates,1776,Variable
StorageHallType_DistanceBetweenStockpiles,1777,Variable
StorageHallType_HumiditySensor,1778,Object
StorageHallType_HumiditySensor_Measurement,1779,Variable
StorageHallType_HumiditySensor_Measurement_EURange,1783,Variable
StorageHallType_HumiditySensor_EngineeringUnits,1785,Variable
StorageHallType_HumiditySensor_EURange,1786,Variable
StorageHallType_FillingRate,1787,Variable
StorageHallType_StockpileHeight,1788,Variable
StorageHallType_StockpileColor,1789,Variable
StorageHallType_DustConcentrationSensor,1790,Object
StorageHallType_DustConcentrationSensor_Measurement,1791,Variable
StorageHallType_DustConcentrationSensor_Measurement_EURange,1795,Variable
StorageHallType_DustConcentrationSensor_EngineeringUnits,1797,Variable
StorageHallType_DustConcentrationSensor_EURange,1798,Variable
StorageHall1,1799,Object
StorageHall1_StockpileCoordinates,1800,Variable
StorageHall1_DistanceBetweenStockpiles,1801,Variable
StorageHall1_HumiditySensor,1802,Object
StorageHall1_HumiditySensor_Measurement,1803,Variable
StorageHall1_HumiditySensor_Measurement_EURange,1807,Variable
StorageHall1_HumiditySensor_EngineeringUnits,1809,Variable
StorageHall1_HumiditySensor_EURange,1810,Variable
StorageHall1_FillingRate,1811,Variable
StorageHall1_StockpileHeight,1812,Variable
StorageHall1_StockpileColor,1813,Variable
StorageHall1_DustConcentrationSensor,1814,Object
StorageHall1_DustConcentrationSensor_Measurement,1815,Variable
StorageHall1_DustConcentrationSensor_Measurement_EURange,1819,Variable
StorageHall1_DustConcentrationSensor_EngineeringUnits,1821,Variable
StorageHall1_DustConcentrationSensor_EURange,1822,Variable
