StructuredArrayItemType,1,VariableType
StructuredArrayItemType_EngineeringUnits,2,Variable
StructuredArrayItemType_EURange,3,Variable
StructuredArrayItemType_InstrumentRange,4,Variable
SensorType,5,ObjectType
SensorType_Measurement,6,Variable
SensorType_Measurement_EURange,10,Variable
SensorType_EngineeringUnits,12,Variable
SensorType_EURange,13,Variable
SpeedSensorType,14,ObjectType
PositionSensorType,15,ObjectType
TemperatureSensorType,16,ObjectType
VibrationSensorType,17,ObjectType
VibrationSensorType_Frequency,18,Variable
VibrationSensorType_Amplitude,19,Variable
HumiditySensorType,20,ObjectType
DustConcentrationSensorType,21,ObjectType
LoadSensorType,22,ObjectType
VolumeFlowRateSensorType,23,ObjectType
AlignmentSensorType,24,ObjectType
LevelSensorType,25,ObjectType
CurrentSensorType,26,ObjectType
VoltageSensorType,27,ObjectType
WearSensorType,28,ObjectType
StateSensorType,29,ObjectType
StateSensorType_Measurement,30,Variable
StateSensorType_Measurement_EURange,34,Variable
MiningEquipmentIdentificationType,36,ObjectType
MiningEquipmentIdentificationType_AssetId,37,Variable
MiningEquipmentIdentificationType_DeviceClass,38,Variable
MiningEquipmentIdentificationType_Manufacturer,39,Variable
MiningEquipmentIdentificationType_ManufacturerUri,40,Variable
MiningEquipmentIdentificationType_Model,41,Variable
MiningEquipmentIdentificationType_ProductInstanceUri,42,Variable
MiningEquipmentIdentificationType_SerialNumber,43,Variable
MiningEquipmentType,44,ObjectType
MiningEquipmentType_Identification,45,Object
MiningEquipmentType_Identification_AssetId,46,Variable
MiningEquipmentType_Identification_DeviceClass,47,Variable
MiningEquipmentType_Identification_Manufacturer,48,Variable
MiningEquipmentType_Identification_ManufacturerUri,49,Variable
MiningEquipmentType_Identification_Model,50,Variable
MiningEquipmentType_Identification_ProductInstanceUri,51,Variable
MiningEquipmentType_Identification_SerialNumber,52,Variable
LoadingMachineType,53,ObjectType
LoadingMachineType_PositioningComplete,54,Method
LoadingMachineType_RequestForLoading,55,Method
LoadingMachineType_StopLoading,56,Method
LoadingMachineType_ExclusionZone,57,Variable
LoadingMachineType_MachinePose,58,Variable
ScraperType,59,ObjectType
ScraperType_SpeedSensor,60,Object
ScraperType_SpeedSensor_Measurement,61,Variable
ScraperType_SpeedSensor_Measurement_EURange,65,Variable
ScraperType_SpeedSensor_EngineeringUnits,67,Variable
ScraperType_SpeedSensor_EURange,68,Variable
ScraperType_MotorCurrentSensor,69,Object
ScraperType_MotorCurrentSensor_Measurement,70,Variable
ScraperType_MotorCurrentSensor_Measurement_EURange,74,Variable
ScraperType_MotorCurrentSensor_EngineeringUnits,76,Variable
ScraperType_MotorCurrentSensor_EURange,77,Variable
ScraperType_MotorVoltageSensor,78,Object
ScraperType_MotorVoltageSensor_Measurement,79,Variable
ScraperType_MotorVoltageSensor_Measurement_EURange,83,Variable
ScraperType_MotorVoltageSensor_EngineeringUnits,85,Variable
ScraperType_MotorVoltageSensor_EURange,86,Variable
ScraperType_OperatingStateSensor,87,Object
ScraperType_OperatingStateSensor_Measurement,88,Variable
ScraperType_OperatingStateSensor_Measurement_EURange,92,Variable
ScraperType_OperatingStateSensor_EngineeringUnits,94,Variable
ScraperType_OperatingStateSensor_EURange,95,Variable
ScraperType_MotorTemperatureSensor,96,Object
ScraperType_MotorTemperatureSensor_Measurement,97,Variable
ScraperType_MotorTemperatureSensor_Measurement_EURange,101,Variable
ScraperType_MotorTemperatureSensor_EngineeringUnits,103,Variable
ScraperType_MotorTemperatureSensor_EURange,104,Variable
ScraperType_PositionSensor,105,Object
ScraperType_PositionSensor_Measurement,106,Variable
ScraperType_PositionSensor_Measurement_EURange,110,Variable
ScraperType_PositionSensor_EngineeringUnits,112,Variable
ScraperType_PositionSensor_EURange,113,Variable
ScraperType_CumulativeEnergyUsed,114,Variable
ScraperType_VibrationSensor,115,Object
ScraperType_VibrationSensor_Measurement,116,Variable
ScraperType_VibrationSensor_Measurement_EURange,120,Variable
ScraperType_VibrationSensor_EngineeringUnits,122,Variable
ScraperType_VibrationSensor_EURange,123,Variable
ScraperType_VibrationSensor_Frequency,124,Variable
ScraperType_VibrationSensor_Amplitude,125,Variable
StorageHallType,126,ObjectType
StorageHallType_StockpileCoordinates,127,Variable
StorageHallType_DistanceBetweenStockpiles,128,Variable
StorageHallType_HumiditySensor,129,Object
StorageHallType_HumiditySensor_Measurement,130,Variable
StorageHallType_HumiditySensor_Measurement_EURange,134,Variable
StorageHallType_HumiditySensor_EngineeringUnits,136,Variable
StorageHallType_HumiditySensor_EURange,137,Variable
StorageHallType_FillingRate,138,Variable
StorageHallType_StockpileHeight,139,Variable
StorageHallType_StockpileColor,140,Variable
StorageHallType_DustConcentrationSensor,141,Object
StorageHallType_DustConcentrationSensor_Measurement,142,Variable
StorageHallType_DustConcentrationSensor_Measurement_EURange,146,Variable
StorageHallType_DustConcentrationSensor_EngineeringUnits,148,Variable
StorageHallType_DustConcentrationSensor_EURange,149,Variable
TripperCarType,150,ObjectType
TripperCarType_SpeedSensor,151,Object
TripperCarType_SpeedSensor_Measurement,152,Variable
TripperCarType_SpeedSensor_Measurement_EURange,156,Variable
TripperCarType_SpeedSensor_EngineeringUnits,158,Variable
TripperCarType_SpeedSensor_EURange,159,Variable
TripperCarType_MotorCurrentSensor,160,Object
TripperCarType_MotorCurrentSensor_Measurement,161,Variable
TripperCarType_MotorCurrentSensor_Measurement_EURange,165,Variable
TripperCarType_MotorCurrentSensor_EngineeringUnits,167,Variable
TripperCarType_MotorCurrentSensor_EURange,168,Variable
TripperCarType_MotorVoltageSensor,169,Object
TripperCarType_MotorVoltageSensor_Measurement,170,Variable
TripperCarType_MotorVoltageSensor_Measurement_EURange,174,Variable
TripperCarType_MotorVoltageSensor_EngineeringUnits,176,Variable
TripperCarType_MotorVoltageSensor_EURange,177,Variable
TripperCarType_OperatingStateSensor,178,Object
TripperCarType_OperatingStateSensor_Measurement,179,Variable
TripperCarType_OperatingStateSensor_Measurement_EURange,183,Variable
TripperCarType_OperatingStateSensor_EngineeringUnits,185,Variable
TripperCarType_OperatingStateSensor_EURange,186,Variable
TripperCarType_MotorTemperatureSensor,187,Object
TripperCarType_MotorTemperatureSensor_Measurement,188,Variable
TripperCarType_MotorTemperatureSensor_Measurement_EURange,192,Variable
TripperCarType_MotorTemperatureSensor_EngineeringUnits,194,Variable
TripperCarType_MotorTemperatureSensor_EURange,195,Variable
TripperCarType_PositionSensor,196,Object
TripperCarType_PositionSensor_Measurement,197,Variable
TripperCarType_PositionSensor_Measurement_EURange,201,Variable
TripperCarType_PositionSensor_EngineeringUnits,203,Variable
TripperCarType_PositionSensor_EURange,204,Variable
TripperCarType_CumulativeEnergyUsed,205,Variable
TripperCarType_VibrationSensor,206,Object
TripperCarType_VibrationSensor_Measurement,207,Variable
TripperCarType_VibrationSensor_Measurement_EURange,211,Variable
TripperCarType_VibrationSensor_EngineeringUnits,213,Variable
TripperCarType_VibrationSensor_EURange,214,Variable
TripperCarType_VibrationSensor_Frequency,215,Variable
TripperCarType_VibrationSensor_Amplitude,216,Variable
ConveyorMachineType,217,ObjectType
ConveyorMachineType_StartConveyor,218,Method
ConveyorMachineType_StopConveyor,219,Method
BeltConveyorType,220,ObjectType
BeltConveyorType_BeltSpeedSensor,221,Object
BeltConveyorType_BeltSpeedSensor_Measurement,222,Variable
BeltConveyorType_BeltSpeedSensor_Measurement_EURange,226,Variable
BeltConveyorType_BeltSpeedSensor_EngineeringUnits,228,Variable
BeltConveyorType_BeltSpeedSensor_EURange,229,Variable
BeltConveyorType_VolumeFlowRateSensor,230,Object
BeltConveyorType_VolumeFlowRateSensor_Measurement,231,Variable
BeltConveyorType_VolumeFlowRateSensor_Measurement_EURange,235,Variable
BeltConveyorType_VolumeFlowRateSensor_EngineeringUnits,237,Variable
BeltConveyorType_VolumeFlowRateSensor_EURange,238,Variable
BeltConveyorType_BeltLoadSensor,239,Object
BeltConveyorType_BeltLoadSensor_Measurement,240,Variable
BeltConveyorType_BeltLoadSensor_Measurement_EURange,244,Variable
BeltConveyorType_BeltLoadSensor_EngineeringUnits,246,Variable
BeltConveyorType_BeltLoadSensor_EURange,247,Variable
BeltConveyorType_MotorCurrentSensor,248,Object
BeltConveyorType_MotorCurrentSensor_Measurement,249,Variable
BeltConveyorType_MotorCurrentSensor_Measurement_EURange,253,Variable
BeltConveyorType_MotorCurrentSensor_EngineeringUnits,255,Variable
BeltConveyorType_MotorCurrentSensor_EURange,256,Variable
BeltConveyorType_MotorVoltageSensor,257,Object
BeltConveyorType_MotorVoltageSensor_Measurement,258,Variable
BeltConveyorType_MotorVoltageSensor_Measurement_EURange,262,Variable
BeltConveyorType_MotorVoltageSensor_EngineeringUnits,264,Variable
BeltConveyorType_MotorVoltageSensor_EURange,265,Variable
BeltConveyorType_OperatingStateSensor,266,Object
BeltConveyorType_OperatingStateSensor_Measurement,267,Variable
BeltConveyorType_OperatingStateSensor_Measurement_EURange,271,Variable
BeltConveyorType_OperatingStateSensor_EngineeringUnits,273,Variable
BeltConveyorType_OperatingStateSensor_EURange,274,Variable
BeltConveyorType_MotorTemperatureSensor,275,Object
BeltConveyorType_MotorTemperatureSensor_Measurement,276,Variable
BeltConveyorType_MotorTemperatureSensor_Measurement_EURange,280,Variable
BeltConveyorType_MotorTemperatureSensor_EngineeringUnits,282,Variable
BeltConveyorType_MotorTemperatureSensor_EURange,283,Variable
BeltConveyorType_CumulativeEnergyUsed,284,Variable
BeltConveyorType_VibrationSensor,285,Object
BeltConveyorType_VibrationSensor_Measurement,286,Variable
BeltConveyorType_VibrationSensor_Measurement_EURange,290,Variable
BeltConveyorType_VibrationSensor_EngineeringUnits,292,Variable
BeltConveyorType_VibrationSensor_EURange,293,Variable
BeltConveyorType_VibrationSensor_Frequency,294,Variable
BeltConveyorType_VibrationSensor_Amplitude,295,Variable
BeltConveyorType_BeltAlignmentSensor,296,Object
BeltConveyorType_BeltAlignmentSensor_Measurement,297,Variable
BeltConveyorType_BeltAlignmentSensor_Measurement_EURange,301,Variable
BeltConveyorType_BeltAlignmentSensor_EngineeringUnits,303,Variable
BeltConveyorType_BeltAlignmentSensor_EURange,304,Variable
ShuttleConveyorType,305,ObjectType
ShuttleConveyorType_LoadingStateSensor,306,Object
ShuttleConveyorType_LoadingStateSensor_Measurement,307,Variable
ShuttleConveyorType_LoadingStateSensor_Measurement_EURange,311,Variable
ShuttleConveyorType_LoadingStateSensor_EngineeringUnits,313,Variable
ShuttleConveyorType_LoadingStateSensor_EURange,314,Variable
ShuttleConveyorType_BeltLoadSensor,315,Object
ShuttleConveyorType_BeltLoadSensor_Measurement,316,Variable
ShuttleConveyorType_BeltLoadSensor_Measurement_EURange,320,Variable
ShuttleConveyorType_BeltLoadSensor_EngineeringUnits,322,Variable
ShuttleConveyorType_BeltLoadSensor_EURange,323,Variable
ShuttleConveyorType_MotorCurrentSensor,324,Object
ShuttleConveyorType_MotorCurrentSensor_Measurement,325,Variable
ShuttleConveyorType_MotorCurrentSensor_Measurement_EURange,329,Variable
ShuttleConveyorType_MotorCurrentSensor_EngineeringUnits,331,Variable
ShuttleConveyorType_MotorCurrentSensor_EURange,332,Variable
ShuttleConveyorType_MotorVoltageSensor,333,Object
ShuttleConveyorType_MotorVoltageSensor_Measurement,334,Variable
ShuttleConveyorType_MotorVoltageSensor_Measurement_EURange,338,Variable
ShuttleConveyorType_MotorVoltageSensor_EngineeringUnits,340,Variable
ShuttleConveyorType_MotorVoltageSensor_EURange,341,Variable
ShuttleConveyorType_OperatingStateSensor,342,Object
ShuttleConveyorType_OperatingStateSensor_Measurement,343,Variable
ShuttleConveyorType_OperatingStateSensor_Measurement_EURange,347,Variable
ShuttleConveyorType_OperatingStateSensor_EngineeringUnits,349,Variable
ShuttleConveyorType_OperatingStateSensor_EURange,350,Variable
ShuttleConveyorType_MotorTemperatureSensor,351,Object
ShuttleConveyorType_MotorTemperatureSensor_Measurement,352,Variable
ShuttleConveyorType_MotorTemperatureSensor_Measurement_EURange,356,Variable
ShuttleConveyorType_MotorTemperatureSensor_EngineeringUnits,358,Variable
ShuttleConveyorType_MotorTemperatureSensor_EURange,359,Variable
ShuttleConveyorType_DirectionSignal,360,Variable
ShuttleConveyorType_CumulativeEnergyUsed,361,Variable
ShuttleConveyorType_VibrationSensor,362,Object
ShuttleConveyorType_VibrationSensor_Measurement,363,Variable
ShuttleConveyorType_VibrationSensor_Measurement_EURange,367,Variable
ShuttleConveyorType_VibrationSensor_EngineeringUnits,369,Variable
ShuttleConveyorType_VibrationSensor_EURange,370,Variable
ShuttleConveyorType_VibrationSensor_Frequency,371,Variable
ShuttleConveyorType_VibrationSensor_Amplitude,372,Variable
ShiploaderType,373,ObjectType
ShiploaderType_LoadSensor,374,Object
ShiploaderType_LoadSensor_Measurement,375,Variable
ShiploaderType_LoadSensor_Measurement_EURange,379,Variable
ShiploaderType_LoadSensor_EngineeringUnits,381,Variable
ShiploaderType_LoadSensor_EURange,382,Variable
ShiploaderType_SpeedSensor,383,Object
ShiploaderType_SpeedSensor_Measurement,384,Variable
ShiploaderType_SpeedSensor_Measurement_EURange,388,Variable
ShiploaderType_SpeedSensor_EngineeringUnits,390,Variable
ShiploaderType_SpeedSensor_EURange,391,Variable
ShiploaderType_MotorCurrentSensor,392,Object
ShiploaderType_MotorCurrentSensor_Measurement,393,Variable
ShiploaderType_MotorCurrentSensor_Measurement_EURange,397,Variable
ShiploaderType_MotorCurrentSensor_EngineeringUnits,399,Variable
ShiploaderType_MotorCurrentSensor_EURange,400,Variable
ShiploaderType_MotorVoltageSensor,401,Object
ShiploaderType_MotorVoltageSensor_Measurement,402,Variable
ShiploaderType_MotorVoltageSensor_Measurement_EURange,406,Variable
ShiploaderType_MotorVoltageSensor_EngineeringUnits,408,Variable
ShiploaderType_MotorVoltageSensor_EURange,409,Variable
ShiploaderType_OperatingStateSensor,410,Object
ShiploaderType_OperatingStateSensor_Measurement,411,Variable
ShiploaderType_OperatingStateSensor_Measurement_EURange,415,Variable
ShiploaderType_OperatingStateSensor_EngineeringUnits,417,Variable
ShiploaderType_OperatingStateSensor_EURange,418,Variable
ShiploaderType_MotorTemperatureSensor,419,Object
ShiploaderType_MotorTemperatureSensor_Measurement,420,Variable
ShiploaderType_MotorTemperatureSensor_Measurement_EURange,424,Variable
ShiploaderType_MotorTemperatureSensor_EngineeringUnits,426,Variable
ShiploaderType_MotorTemperatureSensor_EURange,427,Variable
ShiploaderType_CumulativeEnergyUsed,428,Variable
ShiploaderType_VibrationSensor,429,Object
ShiploaderType_VibrationSensor_Measurement,430,Variable
ShiploaderType_VibrationSensor_Measurement_EURange,434,Variable
ShiploaderType_VibrationSensor_EngineeringUnits,436,Variable
ShiploaderType_VibrationSensor_EURange,437,Variable
ShiploaderType_VibrationSensor_Frequency,438,Variable
ShiploaderType_VibrationSensor_Amplitude,439,Variable
AutomaticSamplerType,440,ObjectType
AutomaticSamplerType_SamplingFrequency,441,Variable
AutomaticSamplerType_SamplingArmPositionSensor,442,Object
AutomaticSamplerType_SamplingArmPositionSensor_Measurement,443,Variable
AutomaticSamplerType_SamplingArmPositionSensor_Measurement_EURange,447,Variable
AutomaticSamplerType_SamplingArmPositionSensor_EngineeringUnits,449,Variable
AutomaticSamplerType_SamplingArmPositionSensor_EURange,450,Variable
AutomaticSamplerType_MotorCurrentSensor,451,Object
AutomaticSamplerType_MotorCurrentSensor_Measurement,452,Variable
AutomaticSamplerType_MotorCurrentSensor_Measurement_EURange,456,Variable
AutomaticSamplerType_MotorCurrentSensor_EngineeringUnits,458,Variable
AutomaticSamplerType_MotorCurrentSensor_EURange,459,Variable
AutomaticSamplerType_MotorVoltageSensor,460,Object
AutomaticSamplerType_MotorVoltageSensor_Measurement,461,Variable
AutomaticSamplerType_MotorVoltageSensor_Measurement_EURange,465,Variable
AutomaticSamplerType_MotorVoltageSensor_EngineeringUnits,467,Variable
AutomaticSamplerType_MotorVoltageSensor_EURange,468,Variable
AutomaticSamplerType_OperatingStateSensor,469,Object
AutomaticSamplerType_OperatingStateSensor_Measurement,470,Variable
AutomaticSamplerType_OperatingStateSensor_Measurement_EURange,474,Variable
AutomaticSamplerType_OperatingStateSensor_EngineeringUnits,476,Variable
AutomaticSamplerType_OperatingStateSensor_EURange,477,Variable
AutomaticSamplerType_MotorTemperatureSensor,478,Object
AutomaticSamplerType_MotorTemperatureSensor_Measurement,479,Variable
AutomaticSamplerType_MotorTemperatureSensor_Measurement_EURange,483,Variable
AutomaticSamplerType_MotorTemperatureSensor_EngineeringUnits,485,Variable
AutomaticSamplerType_MotorTemperatureSensor_EURange,486,Variable
AutomaticSamplerType_CumulativeEnergyUsed,487,Variable
AutomaticSamplerType_VibrationSensor,488,Object
AutomaticSamplerType_VibrationSensor_Measurement,489,Variable
AutomaticSamplerType_VibrationSensor_Measurement_EURange,493,Variable
AutomaticSamplerType_VibrationSensor_EngineeringUnits,495,Variable
AutomaticSamplerType_VibrationSensor_EURange,496,Variable
AutomaticSamplerType_VibrationSensor_Frequency,497,Variable
AutomaticSamplerType_VibrationSensor_Amplitude,498,Variable
QualityIdentifierType,499,ObjectType
QualityIdentifierType_EmissionSpectrum,500,Variable
QualityIdentifierType_MotorCurrentSensor,501,Object
QualityIdentifierType_MotorCurrentSensor_Measurement,502,Variable
QualityIdentifierType_MotorCurrentSensor_Measurement_EURange,506,Variable
QualityIdentifierType_MotorCurrentSensor_EngineeringUnits,508,Variable
QualityIdentifierType_MotorCurrentSensor_EURange,509,Variable
QualityIdentifierType_MotorVoltageSensor,510,Object
QualityIdentifierType_MotorVoltageSensor_Measurement,511,Variable
QualityIdentifierType_MotorVoltageSensor_Measurement_EURange,515,Variable
QualityIdentifierType_MotorVoltageSensor_EngineeringUnits,517,Variable
QualityIdentifierType_MotorVoltageSensor_EURange,518,Variable
QualityIdentifierType_OperatingStateSensor,519,Object
QualityIdentifierType_OperatingStateSensor_Measurement,520,Variable
QualityIdentifierType_OperatingStateSensor_Measurement_EURange,524,Variable
QualityIdentifierType_OperatingStateSensor_EngineeringUnits,526,Variable
QualityIdentifierType_OperatingStateSensor_EURange,527,Variable
QualityIdentifierType_MotorTemperatureSensor,528,Object
QualityIdentifierType_MotorTemperatureSensor_Measurement,529,Variable
QualityIdentifierType_MotorTemperatureSensor_Measurement_EURange,533,Variable
QualityIdentifierType_MotorTemperatureSensor_EngineeringUnits,535,Variable
QualityIdentifierType_MotorTemperatureSensor_EURange,536,Variable
QualityIdentifierType_CumulativeEnergyUsed,537,Variable
QualityIdentifierType_VibrationSensor,538,Object
QualityIdentifierType_VibrationSensor_Measurement,539,Variable
QualityIdentifierType_VibrationSensor_Measurement_EURange,543,Variable
QualityIdentifierType_VibrationSensor_EngineeringUnits,545,Variable
QualityIdentifierType_VibrationSensor_EURange,546,Variable
QualityIdentifierType_VibrationSensor_Frequency,547,Variable
QualityIdentifierType_VibrationSensor_Amplitude,548,Variable
ScreeningUnitType,549,ObjectType
ScreeningUnitType_MotorCurrentSensor,550,Object
ScreeningUnitType_MotorCurrentSensor_Measurement,551,Variable
ScreeningUnitType_MotorCurrentSensor_Measurement_EURange,555,Variable
ScreeningUnitType_MotorCurrentSensor_EngineeringUnits,557,Variable
ScreeningUnitType_MotorCurrentSensor_EURange,558,Variable
ScreeningUnitType_MotorVoltageSensor,559,Object
ScreeningUnitType_MotorVoltageSensor_Measurement,560,Variable
ScreeningUnitType_MotorVoltageSensor_Measurement_EURange,564,Variable
ScreeningUnitType_MotorVoltageSensor_EngineeringUnits,566,Variable
ScreeningUnitType_MotorVoltageSensor_EURange,567,Variable
ScreeningUnitType_OperatingStateSensor,568,Object
ScreeningUnitType_OperatingStateSensor_Measurement,569,Variable
ScreeningUnitType_OperatingStateSensor_Measurement_EURange,573,Variable
ScreeningUnitType_OperatingStateSensor_EngineeringUnits,575,Variable
ScreeningUnitType_OperatingStateSensor_EURange,576,Variable
ScreeningUnitType_MotorTemperatureSensor,577,Object
ScreeningUnitType_MotorTemperatureSensor_Measurement,578,Variable
ScreeningUnitType_MotorTemperatureSensor_Measurement_EURange,582,Variable
ScreeningUnitType_MotorTemperatureSensor_EngineeringUnits,584,Variable
ScreeningUnitType_MotorTemperatureSensor_EURange,585,Variable
ScreeningUnitType_CumulativeEnergyUsed,586,Variable
ScreeningUnitType_VibrationSensor,587,Object
ScreeningUnitType_VibrationSensor_Measurement,588,Variable
ScreeningUnitType_VibrationSensor_Measurement_EURange,592,Variable
ScreeningUnitType_VibrationSensor_EngineeringUnits,594,Variable
ScreeningUnitType_VibrationSensor_EURange,595,Variable
ScreeningUnitType_VibrationSensor_Frequency,596,Variable
ScreeningUnitType_VibrationSensor_Amplitude,597,Variable
ScreeningUnitType_ScreenThicknessSensor,598,Object
ScreeningUnitType_ScreenThicknessSensor_Measurement,599,Variable
ScreeningUnitType_ScreenThicknessSensor_Measurement_EURange,603,Variable
ScreeningUnitType_ScreenThicknessSensor_EngineeringUnits,605,Variable
ScreeningUnitType_ScreenThicknessSensor_EURange,606,Variable
StorageHall1,607,Object
StorageHall1_StockpileCoordinates,608,Variable
StorageHall1_DistanceBetweenStockpiles,609,Variable
StorageHall1_HumiditySensor,610,Object
StorageHall1_HumiditySensor_Measurement,611,Variable
StorageHall1_HumiditySensor_Measurement_EURange,615,Variable
StorageHall1_HumiditySensor_EngineeringUnits,617,Variable
StorageHall1_HumiditySensor_EURange,618,Variable
StorageHall1_FillingRate,619,Variable
StorageHall1_StockpileHeight,620,Variable
StorageHall1_StockpileColor,621,Variable
StorageHall1_DustConcentrationSensor,622,Object
StorageHall1_DustConcentrationSensor_Measurement,623,Variable
StorageHall1_DustConcentrationSensor_Measurement_EURange,627,Variable
StorageHall1_DustConcentrationSensor_EngineeringUnits,629,Variable
StorageHall1_DustConcentrationSensor_EURange,630,Variable
TripperCar1,631,Object
TripperCar1_Identification,632,Object
TripperCar1_Identification_AssetId,633,Variable
TripperCar1_Identification_DeviceClass,634,Variable
TripperCar1_Identification_Manufacturer,635,Variable
TripperCar1_Identification_ManufacturerUri,636,Variable
TripperCar1_Identification_Model,637,Variable
TripperCar1_Identification_ProductInstanceUri,638,Variable
TripperCar1_Identification_SerialNumber,639,Variable
TripperCar1_PositioningComplete,640,Method
TripperCar1_RequestForLoading,641,Method
TripperCar1_StopLoading,642,Method
TripperCar1_ExclusionZone,643,Variable
TripperCar1_MachinePose,644,Variable
TripperCar1_SpeedSensor,645,Object
TripperCar1_SpeedSensor_Measurement,646,Variable
TripperCar1_SpeedSensor_Measurement_EURange,650,Variable
TripperCar1_SpeedSensor_EngineeringUnits,652,Variable
TripperCar1_SpeedSensor_EURange,653,Variable
TripperCar1_MotorCurrentSensor,654,Object
TripperCar1_MotorCurrentSensor_Measurement,655,Variable
TripperCar1_MotorCurrentSensor_Measurement_EURange,659,Variable
TripperCar1_MotorCurrentSensor_EngineeringUnits,661,Variable
TripperCar1_MotorCurrentSensor_EURange,662,Variable
TripperCar1_MotorVoltageSensor,663,Object
TripperCar1_MotorVoltageSensor_Measurement,664,Variable
TripperCar1_MotorVoltageSensor_Measurement_EURange,668,Variable
TripperCar1_MotorVoltageSensor_EngineeringUnits,670,Variable
TripperCar1_MotorVoltageSensor_EURange,671,Variable
TripperCar1_OperatingStateSensor,672,Object
TripperCar1_OperatingStateSensor_Measurement,673,Variable
TripperCar1_OperatingStateSensor_Measurement_EURange,677,Variable
TripperCar1_OperatingStateSensor_EngineeringUnits,679,Variable
TripperCar1_OperatingStateSensor_EURange,680,Variable
TripperCar1_MotorTemperatureSensor,681,Object
TripperCar1_MotorTemperatureSensor_Measurement,682,Variable
TripperCar1_MotorTemperatureSensor_Measurement_EURange,686,Variable
TripperCar1_MotorTemperatureSensor_EngineeringUnits,688,Variable
TripperCar1_MotorTemperatureSensor_EURange,689,Variable
TripperCar1_PositionSensor,690,Object
TripperCar1_PositionSensor_Measurement,691,Variable
TripperCar1_PositionSensor_Measurement_EURange,695,Variable
TripperCar1_PositionSensor_EngineeringUnits,697,Variable
TripperCar1_PositionSensor_EURange,698,Variable
TripperCar1_CumulativeEnergyUsed,699,Variable
TripperCar1_VibrationSensor,700,Object
TripperCar1_VibrationSensor_Measurement,701,Variable
TripperCar1_VibrationSensor_Measurement_EURange,705,Variable
TripperCar1_VibrationSensor_EngineeringUnits,707,Variable
TripperCar1_VibrationSensor_EURange,708,Variable
TripperCar1_VibrationSensor_Frequency,709,Variable
TripperCar1_VibrationSensor_Amplitude,710,Variable
AutomaticSampler1,711,Object
AutomaticSampler1_Identification,712,Object
AutomaticSampler1_Identification_AssetId,713,Variable
AutomaticSampler1_Identification_DeviceClass,714,Variable
AutomaticSampler1_Identification_Manufacturer,715,Variable
AutomaticSampler1_Identification_ManufacturerUri,716,Variable
AutomaticSampler1_Identification_Model,717,Variable
AutomaticSampler1_Identification_ProductInstanceUri,718,Variable
AutomaticSampler1_Identification_SerialNumber,719,Variable
AutomaticSampler1_SamplingFrequency,720,Variable
AutomaticSampler1_SamplingArmPositionSensor,721,Object
AutomaticSampler1_SamplingArmPositionSensor_Measurement,722,Variable
AutomaticSampler1_SamplingArmPositionSensor_Measurement_EURange,726,Variable
AutomaticSampler1_SamplingArmPositionSensor_EngineeringUnits,728,Variable
AutomaticSampler1_SamplingArmPositionSensor_EURange,729,Variable
AutomaticSampler1_MotorCurrentSensor,730,Object
AutomaticSampler1_MotorCurrentSensor_Measurement,731,Variable
AutomaticSampler1_MotorCurrentSensor_Measurement_EURange,735,Variable
AutomaticSampler1_MotorCurrentSensor_EngineeringUnits,737,Variable
AutomaticSampler1_MotorCurrentSensor_EURange,738,Variable
AutomaticSampler1_MotorVoltageSensor,739,Object
AutomaticSampler1_MotorVoltageSensor_Measurement,740,Variable
AutomaticSampler1_MotorVoltageSensor_Measurement_EURange,744,Variable
AutomaticSampler1_MotorVoltageSensor_EngineeringUnits,746,Variable
AutomaticSampler1_MotorVoltageSensor_EURange,747,Variable
AutomaticSampler1_OperatingStateSensor,748,Object
AutomaticSampler1_OperatingStateSensor_Measurement,749,Variable
AutomaticSampler1_OperatingStateSensor_Measurement_EURange,753,Variable
AutomaticSampler1_OperatingStateSensor_EngineeringUnits,755,Variable
AutomaticSampler1_OperatingStateSensor_EURange,756,Variable
AutomaticSampler1_MotorTemperatureSensor,757,Object
AutomaticSampler1_MotorTemperatureSensor_Measurement,758,Variable
AutomaticSampler1_MotorTemperatureSensor_Measurement_EURange,762,Variable
AutomaticSampler1_MotorTemperatureSensor_EngineeringUnits,764,Variable
AutomaticSampler1_MotorTemperatureSensor_EURange,765,Variable
AutomaticSampler1_CumulativeEnergyUsed,766,Variable
AutomaticSampler1_VibrationSensor,767,Object
AutomaticSampler1_VibrationSensor_Measurement,768,Variable
AutomaticSampler1_VibrationSensor_Measurement_EURange,772,Variable
AutomaticSampler1_VibrationSensor_EngineeringUnits,774,Variable
AutomaticSampler1_VibrationSensor_EURange,775,Variable
AutomaticSampler1_VibrationSensor_Frequency,776,Variable
AutomaticSampler1_VibrationSensor_Amplitude,777,Variable
QualityIdentifier1,778,Object
QualityIdentifier1_Identification,779,Object
QualityIdentifier1_Identification_AssetId,780,Variable
QualityIdentifier1_Identification_DeviceClass,781,Variable
QualityIdentifier1_Identification_Manufacturer,782,Variable
QualityIdentifier1_Identification_ManufacturerUri,783,Variable
QualityIdentifier1_Identification_Model,784,Variable
QualityIdentifier1_Identification_ProductInstanceUri,785,Variable
QualityIdentifier1_Identification_SerialNumber,786,Variable
QualityIdentifier1_EmissionSpectrum,787,Variable
QualityIdentifier1_MotorCurrentSensor,788,Object
QualityIdentifier1_MotorCurrentSensor_Measurement,789,Variable
QualityIdentifier1_MotorCurrentSensor_Measurement_EURange,793,Variable
QualityIdentifier1_MotorCurrentSensor_EngineeringUnits,795,Variable
QualityIdentifier1_MotorCurrentSensor_EURange,796,Variable
QualityIdentifier1_MotorVoltageSensor,797,Object
QualityIdentifier1_MotorVoltageSensor_Measurement,798,Variable
QualityIdentifier1_MotorVoltageSensor_Measurement_EURange,802,Variable
QualityIdentifier1_MotorVoltageSensor_EngineeringUnits,804,Variable
QualityIdentifier1_MotorVoltageSensor_EURange,805,Variable
QualityIdentifier1_OperatingStateSensor,806,Object
QualityIdentifier1_OperatingStateSensor_Measurement,807,Variable
QualityIdentifier1_OperatingStateSensor_Measurement_EURange,811,Variable
QualityIdentifier1_OperatingStateSensor_EngineeringUnits,813,Variable
QualityIdentifier1_OperatingStateSensor_EURange,814,Variable
QualityIdentifier1_MotorTemperatureSensor,815,Object
QualityIdentifier1_MotorTemperatureSensor_Measurement,816,Variable
QualityIdentifier1_MotorTemperatureSensor_Measurement_EURange,820,Variable
QualityIdentifier1_MotorTemperatureSensor_EngineeringUnits,822,Variable
QualityIdentifier1_MotorTemperatureSensor_EURange,823,Variable
QualityIdentifier1_CumulativeEnergyUsed,824,Variable
QualityIdentifier1_VibrationSensor,825,Object
QualityIdentifier1_VibrationSensor_Measurement,826,Variable
QualityIdentifier1_VibrationSensor_Measurement_EURange,830,Variable
QualityIdentifier1_VibrationSensor_EngineeringUnits,832,Variable
QualityIdentifier1_VibrationSensor_EURange,833,Variable
QualityIdentifier1_VibrationSensor_Frequency,834,Variable
QualityIdentifier1_VibrationSensor_Amplitude,835,Variable
ScreeningUnit1,836,Object
ScreeningUnit1_Identification,837,Object
ScreeningUnit1_Identification_AssetId,838,Variable
ScreeningUnit1_Identification_DeviceClass,839,Variable
ScreeningUnit1_Identification_Manufacturer,840,Variable
ScreeningUnit1_Identification_ManufacturerUri,841,Variable
ScreeningUnit1_Identification_Model,842,Variable
ScreeningUnit1_Identification_ProductInstanceUri,843,Variable
ScreeningUnit1_Identification_SerialNumber,844,Variable
ScreeningUnit1_MotorCurrentSensor,845,Object
ScreeningUnit1_MotorCurrentSensor_Measurement,846,Variable
ScreeningUnit1_MotorCurrentSensor_Measurement_EURange,850,Variable
ScreeningUnit1_MotorCurrentSensor_EngineeringUnits,852,Variable
ScreeningUnit1_MotorCurrentSensor_EURange,853,Variable
ScreeningUnit1_MotorVoltageSensor,854,Object
ScreeningUnit1_MotorVoltageSensor_Measurement,855,Variable
ScreeningUnit1_MotorVoltageSensor_Measurement_EURange,859,Variable
ScreeningUnit1_MotorVoltageSensor_EngineeringUnits,861,Variable
ScreeningUnit1_MotorVoltageSensor_EURange,862,Variable
ScreeningUnit1_OperatingStateSensor,863,Object
ScreeningUnit1_OperatingStateSensor_Measurement,864,Variable
ScreeningUnit1_OperatingStateSensor_Measurement_EURange,868,Variable
ScreeningUnit1_OperatingStateSensor_EngineeringUnits,870,Variable
ScreeningUnit1_OperatingStateSensor_EURange,871,Variable
ScreeningUnit1_MotorTemperatureSensor,872,Object
ScreeningUnit1_MotorTemperatureSensor_Measurement,873,Variable
ScreeningUnit1_MotorTemperatureSensor_Measurement_EURange,877,Variable
ScreeningUnit1_MotorTemperatureSensor_EngineeringUnits,879,Variable
ScreeningUnit1_MotorTemperatureSensor_EURange,880,Variable
ScreeningUnit1_CumulativeEnergyUsed,881,Variable
ScreeningUnit1_VibrationSensor,882,Object
ScreeningUnit1_VibrationSensor_Measurement,883,Variable
ScreeningUnit1_VibrationSensor_Measurement_EURange,887,Variable
ScreeningUnit1_VibrationSensor_EngineeringUnits,889,Variable
ScreeningUnit1_VibrationSensor_EURange,890,Variable
ScreeningUnit1_VibrationSensor_Frequency,891,Variable
ScreeningUnit1_VibrationSensor_Amplitude,892,Variable
ScreeningUnit1_ScreenThicknessSensor,893,Object
ScreeningUnit1_ScreenThicknessSensor_Measurement,894,Variable
ScreeningUnit1_ScreenThicknessSensor_Measurement_EURange,898,Variable
ScreeningUnit1_ScreenThicknessSensor_EngineeringUnits,900,Variable
ScreeningUnit1_ScreenThicknessSensor_EURange,901,Variable
Shiploader1,902,Object
Shiploader1_Identification,903,Object
Shiploader1_Identification_AssetId,904,Variable
Shiploader1_Identification_DeviceClass,905,Variable
Shiploader1_Identification_Manufacturer,906,Variable
Shiploader1_Identification_ManufacturerUri,907,Variable
Shiploader1_Identification_Model,908,Variable
Shiploader1_Identification_ProductInstanceUri,909,Variable
Shiploader1_Identification_SerialNumber,910,Variable
Shiploader1_PositioningComplete,911,Method
Shiploader1_RequestForLoading,912,Method
Shiploader1_StopLoading,913,Method
Shiploader1_ExclusionZone,914,Variable
Shiploader1_MachinePose,915,Variable
Shiploader1_LoadSensor,916,Object
Shiploader1_LoadSensor_Measurement,917,Variable
Shiploader1_LoadSensor_Measurement_EURange,921,Variable
Shiploader1_LoadSensor_EngineeringUnits,923,Variable
Shiploader1_LoadSensor_EURange,924,Variable
Shiploader1_SpeedSensor,925,Object
Shiploader1_SpeedSensor_Measurement,926,Variable
Shiploader1_SpeedSensor_Measurement_EURange,930,Variable
Shiploader1_SpeedSensor_EngineeringUnits,932,Variable
Shiploader1_SpeedSensor_EURange,933,Variable
Shiploader1_MotorCurrentSensor,934,Object
Shiploader1_MotorCurrentSensor_Measurement,935,Variable
Shiploader1_MotorCurrentSensor_Measurement_EURange,939,Variable
Shiploader1_MotorCurrentSensor_EngineeringUnits,941,Variable
Shiploader1_MotorCurrentSensor_EURange,942,Variable
Shiploader1_MotorVoltageSensor,943,Object
Shiploader1_MotorVoltageSensor_Measurement,944,Variable
Shiploader1_MotorVoltageSensor_Measurement_EURange,948,Variable
Shiploader1_MotorVoltageSensor_EngineeringUnits,950,Variable
Shiploader1_MotorVoltageSensor_EURange,951,Variable
Shiploader1_OperatingStateSensor,952,Object
Shiploader1_OperatingStateSensor_Measurement,953,Variable
Shiploader1_OperatingStateSensor_Measurement_EURange,957,Variable
Shiploader1_OperatingStateSensor_EngineeringUnits,959,Variable
Shiploader1_OperatingStateSensor_EURange,960,Variable
Shiploader1_MotorTemperatureSensor,961,Object
Shiploader1_MotorTemperatureSensor_Measurement,962,Variable
Shiploader1_MotorTemperatureSensor_Measurement_EURange,966,Variable
Shiploader1_MotorTemperatureSensor_EngineeringUnits,968,Variable
Shiploader1_MotorTemperatureSensor_EURange,969,Variable
Shiploader1_CumulativeEnergyUsed,970,Variable
Shiploader1_VibrationSensor,971,Object
Shiploader1_VibrationSensor_Measurement,972,Variable
Shiploader1_VibrationSensor_Measurement_EURange,976,Variable
Shiploader1_VibrationSensor_EngineeringUnits,978,Variable
Shiploader1_VibrationSensor_EURange,979,Variable
Shiploader1_VibrationSensor_Frequency,980,Variable
Shiploader1_VibrationSensor_Amplitude,981,Variable
ShuttleConveyor1,982,Object
ShuttleConveyor1_Identification,983,Object
ShuttleConveyor1_Identification_AssetId,984,Variable
ShuttleConveyor1_Identification_DeviceClass,985,Variable
ShuttleConveyor1_Identification_Manufacturer,986,Variable
ShuttleConveyor1_Identification_ManufacturerUri,987,Variable
ShuttleConveyor1_Identification_Model,988,Variable
ShuttleConveyor1_Identification_ProductInstanceUri,989,Variable
ShuttleConveyor1_Identification_SerialNumber,990,Variable
ShuttleConveyor1_StartConveyor,991,Method
ShuttleConveyor1_StopConveyor,992,Method
ShuttleConveyor1_LoadingStateSensor,993,Object
ShuttleConveyor1_LoadingStateSensor_Measurement,994,Variable
ShuttleConveyor1_LoadingStateSensor_Measurement_EURange,998,Variable
ShuttleConveyor1_LoadingStateSensor_EngineeringUnits,1000,Variable
ShuttleConveyor1_LoadingStateSensor_EURange,1001,Variable
ShuttleConveyor1_BeltLoadSensor,1002,Object
ShuttleConveyor1_BeltLoadSensor_Measurement,1003,Variable
ShuttleConveyor1_BeltLoadSensor_Measurement_EURange,1007,Variable
ShuttleConveyor1_BeltLoadSensor_EngineeringUnits,1009,Variable
ShuttleConveyor1_BeltLoadSensor_EURange,1010,Variable
ShuttleConveyor1_MotorCurrentSensor,1011,Object
ShuttleConveyor1_MotorCurrentSensor_Measurement,1012,Variable
ShuttleConveyor1_MotorCurrentSensor_Measurement_EURange,1016,Variable
ShuttleConveyor1_MotorCurrentSensor_EngineeringUnits,1018,Variable
ShuttleConveyor1_MotorCurrentSensor_EURange,1019,Variable
ShuttleConveyor1_MotorVoltageSensor,1020,Object
ShuttleConveyor1_MotorVoltageSensor_Measurement,1021,Variable
ShuttleConveyor1_MotorVoltageSensor_Measurement_EURange,1025,Variable
ShuttleConveyor1_MotorVoltageSensor_EngineeringUnits,1027,Variable
ShuttleConveyor1_MotorVoltageSensor_EURange,1028,Variable
ShuttleConveyor1_OperatingStateSensor,1029,Object
ShuttleConveyor1_OperatingStateSensor_Measurement,1030,Variable
ShuttleConveyor1_OperatingStateSensor_Measurement_EURange,1034,Variable
ShuttleConveyor1_OperatingStateSensor_EngineeringUnits,1036,Variable
ShuttleConveyor1_OperatingStateSensor_EURange,1037,Variable
ShuttleConveyor1_MotorTemperatureSensor,1038,Object
ShuttleConveyor1_MotorTemperatureSensor_Measurement,1039,Variable
ShuttleConveyor1_MotorTemperatureSensor_Measurement_EURange,1043,Variable
ShuttleConveyor1_MotorTemperatureSensor_EngineeringUnits,1045,Variable
ShuttleConveyor1_MotorTemperatureSensor_EURange,1046,Variable
ShuttleConveyor1_DirectionSignal,1047,Variable
ShuttleConveyor1_CumulativeEnergyUsed,1048,Variable
ShuttleConveyor1_VibrationSensor,1049,Object
ShuttleConveyor1_VibrationSensor_Measurement,1050,Variable
ShuttleConveyor1_VibrationSensor_Measurement_EURange,1054,Variable
ShuttleConveyor1_VibrationSensor_EngineeringUnits,1056,Variable
ShuttleConveyor1_VibrationSensor_EURange,1057,Variable
ShuttleConveyor1_VibrationSensor_Frequency,1058,Variable
ShuttleConveyor1_VibrationSensor_Amplitude,1059,Variable
Scraper1,1060,Object
Scraper1_Identification,1061,Object
Scraper1_Identification_AssetId,1062,Variable
Scraper1_Identification_DeviceClass,1063,Variable
Scraper1_Identification_Manufacturer,1064,Variable
Scraper1_Identification_ManufacturerUri,1065,Variable
Scraper1_Identification_Model,1066,Variable
Scraper1_Identification_ProductInstanceUri,1067,Variable
Scraper1_Identification_SerialNumber,1068,Variable
Scraper1_PositioningComplete,1069,Method
Scraper1_RequestForLoading,1070,Method
Scraper1_StopLoading,1071,Method
Scraper1_ExclusionZone,1072,Variable
Scraper1_MachinePose,1073,Variable
Scraper1_SpeedSensor,1074,Object
Scraper1_SpeedSensor_Measurement,1075,Variable
Scraper1_SpeedSensor_Measurement_EURange,1079,Variable
Scraper1_SpeedSensor_EngineeringUnits,1081,Variable
Scraper1_SpeedSensor_EURange,1082,Variable
Scraper1_MotorCurrentSensor,1083,Object
Scraper1_MotorCurrentSensor_Measurement,1084,Variable
Scraper1_MotorCurrentSensor_Measurement_EURange,1088,Variable
Scraper1_MotorCurrentSensor_EngineeringUnits,1090,Variable
Scraper1_MotorCurrentSensor_EURange,1091,Variable
Scraper1_MotorVoltageSensor,1092,Object
Scraper1_MotorVoltageSensor_Measurement,1093,Variable
Scraper1_MotorVoltageSensor_Measurement_EURange,1097,Variable
Scraper1_MotorVoltageSensor_EngineeringUnits,1099,Variable
Scraper1_MotorVoltageSensor_EURange,1100,Variable
Scraper1_OperatingStateSensor,1101,Object
Scraper1_OperatingStateSensor_Measurement,1102,Variable
Scraper1_OperatingStateSensor_Measurement_EURange,1106,Variable
Scraper1_OperatingStateSensor_EngineeringUnits,1108,Variable
Scraper1_OperatingStateSensor_EURange,1109,Variable
Scraper1_MotorTemperatureSensor,1110,Object
Scraper1_MotorTemperatureSensor_Measurement,1111,Variable
Scraper1_MotorTemperatureSensor_Measurement_EURange,1115,Variable
Scraper1_MotorTemperatureSensor_EngineeringUnits,1117,Variable
Scraper1_MotorTemperatureSensor_EURange,1118,Variable
Scraper1_PositionSensor,1119,Object
Scraper1_PositionSensor_Measurement,1120,Variable
Scraper1_PositionSensor_Measurement_EURange,1124,Variable
Scraper1_PositionSensor_EngineeringUnits,1126,Variable
Scraper1_PositionSensor_EURange,1127,Variable
Scraper1_CumulativeEnergyUsed,1128,Variable
Scraper1_VibrationSensor,1129,Object
Scraper1_VibrationSensor_Measurement,1130,Variable
Scraper1_VibrationSensor_Measurement_EURange,1134,Variable
Scraper1_VibrationSensor_EngineeringUnits,1136,Variable
Scraper1_VibrationSensor_EURange,1137,Variable
Scraper1_VibrationSensor_Frequency,1138,Variable
Scraper1_VibrationSensor_Amplitude,1139,Variable
BeltConveyor1,1140,Object
BeltConveyor1_Identification,1141,Object
BeltConveyor1_Identification_AssetId,1142,Variable
BeltConveyor1_Identification_DeviceClass,1143,Variable
BeltConveyor1_Identification_Manufacturer,1144,Variable
BeltConveyor1_Identification_ManufacturerUri,1145,Variable
BeltConveyor1_Identification_Model,1146,Variable
BeltConveyor1_Identification_ProductInstanceUri,1147,Variable
BeltConveyor1_Identification_SerialNumber,1148,Variable
BeltConveyor1_StartConveyor,1149,Method
BeltConveyor1_StopConveyor,1150,Method
BeltConveyor1_BeltSpeedSensor,1151,Object
BeltConveyor1_BeltSpeedSensor_Measurement,1152,Variable
BeltConveyor1_BeltSpeedSensor_Measurement_EURange,1156,Variable
BeltConveyor1_BeltSpeedSensor_EngineeringUnits,1158,Variable
BeltConveyor1_BeltSpeedSensor_EURange,1159,Variable
BeltConveyor1_VolumeFlowRateSensor,1160,Object
BeltConveyor1_VolumeFlowRateSensor_Measurement,1161,Variable
BeltConveyor1_VolumeFlowRateSensor_Measurement_EURange,1165,Variable
BeltConveyor1_VolumeFlowRateSensor_EngineeringUnits,1167,Variable
BeltConveyor1_VolumeFlowRateSensor_EURange,1168,Variable
BeltConveyor1_BeltLoadSensor,1169,Object
BeltConveyor1_BeltLoadSensor_Measurement,1170,Variable
BeltConveyor1_BeltLoadSensor_Measurement_EURange,1174,Variable
BeltConveyor1_BeltLoadSensor_EngineeringUnits,1176,Variable
BeltConveyor1_BeltLoadSensor_EURange,1177,Variable
BeltConveyor1_MotorCurrentSensor,1178,Object
BeltConveyor1_MotorCurrentSensor_Measurement,1179,Variable
BeltConveyor1_MotorCurrentSensor_Measurement_EURange,1183,Variable
BeltConveyor1_MotorCurrentSensor_EngineeringUnits,1185,Variable
BeltConveyor1_MotorCurrentSensor_EURange,1186,Variable
BeltConveyor1_MotorVoltageSensor,1187,Object
BeltConveyor1_MotorVoltageSensor_Measurement,1188,Variable
BeltConveyor1_MotorVoltageSensor_Measurement_EURange,1192,Variable
BeltConveyor1_MotorVoltageSensor_EngineeringUnits,1194,Variable
BeltConveyor1_MotorVoltageSensor_EURange,1195,Variable
BeltConveyor1_OperatingStateSensor,1196,Object
BeltConveyor1_OperatingStateSensor_Measurement,1197,Variable
BeltConveyor1_OperatingStateSensor_Measurement_EURange,1201,Variable
BeltConveyor1_OperatingStateSensor_EngineeringUnits,1203,Variable
BeltConveyor1_OperatingStateSensor_EURange,1204,Variable
BeltConveyor1_MotorTemperatureSensor,1205,Object
BeltConveyor1_MotorTemperatureSensor_Measurement,1206,Variable
BeltConveyor1_MotorTemperatureSensor_Measurement_EURange,1210,Variable
BeltConveyor1_MotorTemperatureSensor_EngineeringUnits,1212,Variable
BeltConveyor1_MotorTemperatureSensor_EURange,1213,Variable
BeltConveyor1_CumulativeEnergyUsed,1214,Variable
BeltConveyor1_VibrationSensor,1215,Object
BeltConveyor1_VibrationSensor_Measurement,1216,Variable
BeltConveyor1_VibrationSensor_Measurement_EURange,1220,Variable
BeltConveyor1_VibrationSensor_EngineeringUnits,1222,Variable
BeltConveyor1_VibrationSensor_EURange,1223,Variable
BeltConveyor1_VibrationSensor_Frequency,1224,Variable
BeltConveyor1_VibrationSensor_Amplitude,1225,Variable
BeltConveyor1_BeltAlignmentSensor,1226,Object
BeltConveyor1_BeltAlignmentSensor_Measurement,1227,Variable
BeltConveyor1_BeltAlignmentSensor_Measurement_EURange,1231,Variable
BeltConveyor1_BeltAlignmentSensor_EngineeringUnits,1233,Variable
BeltConveyor1_BeltAlignmentSensor_EURange,1234,Variable
